Date,SPX,RTY,MXEA,MXEF,LBUSTRUU,LF98TRUU,FNERTR,SPGSCI,XAU,NDX
1987-12-31,254.8854,120.306,757.45,100.0,321.46,174.91,802.51,164.33,484.1,156.25
1988-01-29,265.6065,125.323,770.13,109.42,332.76,180.76,846.49,166.63,458.0,159.13
1988-02-29,277.9877,136.332,820.63,109.68,336.71,186.61,878.86,163.79,426.15,172.64
1988-03-31,269.3999,142.497,870.17,120.64,333.55,184.67,883.23,171.2,456.95,173.26
1988-04-29,272.3796,145.599,881.86,126.27,331.75,186.08,889.37,175.01,449.0,175.92
1988-05-31,274.7355,141.426,852.69,129.62,329.52,186.36,876.25,177.99,455.5,173.34
1988-06-30,287.3431,151.256,829.33,133.71,337.47,189.08,906.69,171.27,436.55,189.03
1988-07-29,286.2536,149.651,854.47,129.92,335.7,190.32,916.38,169.45,436.8,181.16
1988-08-31,276.5303,145.418,798.04,125.92,336.58,190.04,912.1,167.56,427.75,171.0
1988-09-30,288.312,149.031,832.02,133.74,344.2,192.43,917.24,162.18,397.7,179.37
1988-10-31,296.3396,147.192,902.29,132.54,350.68,194.76,913.22,166.99,412.4,174.78
1988-11-30,292.1163,142.034,955.06,131.76,346.42,195.91,894.73,174.01,422.6,169.19
1988-12-30,297.2123,147.281,959.4,134.87,346.81,196.83,910.74,184.41,410.25,177.41
1989-01-31,318.937,153.703,975.35,132.66,351.8,200.3,930.92,181.64,394.0,186.47
1989-02-28,310.9889,154.564,979.41,142.52,349.25,200.74,928.15,186.39,387.0,183.79
1989-03-31,318.2438,158.0,959.23,155.99,350.76,199.17,932.46,197.62,383.2,185.87
1989-04-28,334.7671,164.712,967.15,184.24,358.1,200.01,958.81,197.61,377.55,200.47
1989-05-31,348.3112,171.516,913.6,186.08,367.51,203.89,967.76,188.54,361.8,214.55
1989-06-30,346.3357,167.371,897.3,163.28,378.7,206.42,986.52,189.27,373.0,204.59
1989-07-31,377.6067,173.632,1008.99,173.49,386.75,206.15,1022.98,179.55,368.3,214.28
1989-08-31,384.9886,177.515,962.66,177.0,381.02,206.85,1032.42,183.95,359.8,222.01
1989-09-29,383.4265,177.821,1005.5,198.98,382.97,203.37,1022.76,193.22,366.5,226.42
1989-10-31,374.5234,167.09,964.1,201.31,392.4,198.55,996.38,189.81,375.3,222.62
1989-11-30,382.1615,167.919,1011.55,191.64,396.14,198.16,993.25,192.05,408.15,224.44
1989-12-29,391.339,168.228,1047.86,214.7,397.2,198.47,991.26,207.25,401.25,223.84
1990-01-31,365.0643,153.333,1007.8,221.27,392.48,194.21,950.14,198.83,415.05,201.94
1990-02-28,369.747,157.799,936.39,229.76,393.75,190.2,943.47,195.94,407.7,207.92
1990-03-30,379.5275,163.69,837.74,197.85,394.04,195.19,952.88,198.61,368.5,213.15
1990-04-30,370.0314,158.157,830.0,210.66,390.43,194.86,936.32,193.94,367.75,205.81
1990-05-31,406.0756,169.061,923.6,227.6,401.99,198.62,935.6,189.81,363.05,236.15
1990-06-29,403.3254,169.166,914.3,235.14,408.44,203.42,951.76,184.18,352.2,238.46
1990-07-31,402.0175,161.505,925.96,255.21,414.09,208.9,943.09,196.8,372.3,223.39
1990-08-31,365.6508,139.6,834.82,221.94,408.56,197.01,875.17,225.45,387.75,193.62
1990-09-28,347.8346,126.993,717.24,193.09,411.94,182.63,813.28,270.19,408.4,177.06
1990-10-31,346.3422,119.046,827.71,189.25,417.17,173.04,785.86,249.37,379.5,172.56
1990-11-30,368.7052,127.806,777.6,178.96,426.15,178.44,841.63,227.61,384.85,192.66
1990-12-31,378.9568,132.401,788.98,185.16,432.79,179.44,839.09,219.97,382.8,200.53
1991-01-31,395.4402,144.183,813.17,200.19,438.14,184.37,930.88,194.4476,366.0,232.43
1991-02-28,423.6854,159.96,899.06,229.63,441.88,204.54,947.73,191.2345,362.7,250.12
1991-03-29,433.9558,171.01,843.88,238.23,444.92,216.59,1029.89,194.1259,355.65,264.9
1991-04-30,434.9568,170.333,851.01,238.95,449.74,225.47,1055.97,195.998,357.75,263.65
1991-05-31,453.7196,178.147,858.71,256.97,452.37,225.88,1067.71,192.89,360.4,279.0
1991-06-28,432.9286,167.512,794.46,247.27,452.14,232.56,1037.91,185.4473,368.35,254.19
1991-07-31,453.0968,173.121,832.3,259.51,458.41,240.0,1058.85,191.8876,362.85,272.15
1991-08-30,463.7781,179.193,814.18,264.27,468.33,245.52,1054.57,192.6421,347.4,287.4
1991-09-30,456.017,180.328,858.85,253.84,477.82,248.94,1080.39,193.9276,354.9,287.54
1991-10-31,462.1429,184.899,869.77,263.96,483.14,257.25,1068.52,198.5509,357.45,292.51
1991-11-29,443.5005,176.059,827.91,259.77,487.57,258.59,1062.58,190.1044,366.3,284.79
1991-12-31,494.1986,189.8,869.35,288.8,502.05,262.31,1138.61,176.9177,353.15,330.86
1992-01-31,484.9907,205.013,849.52,322.13,495.22,271.55,1194.06,182.3528,354.1,338.31
1992-02-28,491.2659,210.691,817.86,335.97,498.44,278.25,1165.5,181.7778,353.75,345.88
1992-03-31,481.7087,203.259,762.62,346.58,495.63,281.7,1146.15,184.7368,341.7,323.05
1992-04-30,495.8489,195.932,764.95,342.45,499.21,282.77,1142.08,190.1203,336.35,307.86
1992-05-29,498.3164,198.225,814.85,340.42,508.63,286.76,1191.99,193.0193,337.5,315.3
1992-06-30,490.9035,188.56,774.89,305.52,515.63,289.46,1176.38,190.8873,343.4,301.23
1992-07-31,510.9576,194.906,753.7,308.38,526.15,293.83,1227.49,186.6917,357.85,310.9
1992-08-31,500.4968,189.108,799.58,293.44,531.48,297.68,1231.27,186.3997,342.0,299.26
1992-09-30,506.3797,193.16,782.45,294.07,537.79,300.71,1256.65,187.0465,350.0,313.18
1992-10-30,508.1272,199.082,740.17,309.63,530.65,296.47,1255.04,182.4082,341.0,329.15
1992-11-30,525.4254,214.011,745.94,306.06,530.77,300.2,1281.61,180.0958,336.0,350.96
1992-12-31,531.865,221.157,748.62,314.93,539.21,303.63,1304.73,181.0064,334.5,360.18
1993-01-29,536.3117,228.456,747.35,316.19,549.55,312.46,1388.46,183.3482,332.5,370.7683
1993-02-26,543.6174,222.899,768.77,321.23,559.17,317.97,1463.11,186.5014,329.5,351.8609
1993-03-31,555.094,229.796,834.6,331.3,561.5,322.06,1587.08,190.171,339.0,360.407
1993-04-30,541.6756,223.273,912.59,337.12,565.41,324.87,1517.18,187.6663,356.0,341.1274
1993-05-31,556.1517,232.13,930.65,345.39,566.13,328.73,1493.13,181.2161,374.75,369.8931
1993-06-30,557.7705,233.988,914.94,354.82,576.39,335.63,1541.53,175.9696,378.1,368.137
1993-07-30,555.5293,237.018,945.8,363.23,579.65,338.87,1568.45,174.0556,407.3,355.0762
1993-08-31,576.5973,246.937,995.68,393.46,589.81,341.73,1607.18,175.8414,372.1,375.4882
1993-09-30,572.1531,253.616,972.07,407.47,591.43,342.61,1685.64,177.357,355.4,385.8444
1993-10-29,583.9886,259.945,1000.85,443.78,593.64,349.55,1653.5,171.4164,369.5,394.4083
1993-11-30,578.4206,251.085,912.19,463.17,588.59,351.23,1563.83,165.0651,370.7,390.6811
1993-12-31,585.4001,259.338,976.9,539.34,591.78,355.6,1561.17,163.5542,390.7,402.5912
1994-01-31,605.3056,267.261,1058.31,548.88,599.77,363.32,1606.61,177.3524,381.9,418.5149
1994-02-28,588.8754,266.009,1054.18,538.78,589.35,362.37,1676.38,171.232,381.75,416.9039
1994-03-31,563.211,251.641,1007.54,489.21,574.82,348.68,1614.31,170.3859,391.0,387.4522
1994-04-29,570.4325,252.948,1049.07,478.36,570.23,346.29,1641.72,174.5563,377.05,377.7251
1994-05-31,579.796,249.761,1041.82,493.66,570.15,346.47,1678.26,176.7601,387.3,383.6399
1994-06-30,565.5952,240.962,1055.28,479.18,568.89,347.54,1644.03,180.0834,386.3,364.9603
1994-07-29,584.1487,244.671,1064.17,508.73,580.19,350.49,1635.99,182.5207,383.6,375.067
1994-08-31,608.0984,257.918,1088.09,571.3,580.91,352.97,1640.88,170.2628,386.6,403.2099
1994-09-30,593.2135,256.69,1052.51,577.29,572.36,352.99,1610.41,171.4158,394.25,399.1058
1994-10-31,606.542,255.407,1086.22,566.11,571.85,353.83,1554.55,179.036,384.5,418.562
1994-11-30,584.4527,244.736,1032.7,536.0,570.58,349.37,1501.09,175.1664,381.4,410.2222
1994-12-30,593.0919,250.872,1037.86,492.58,574.52,351.94,1610.67,180.7578,383.2,409.6649
1995-01-31,608.4721,247.4888,996.6922,439.84,585.89,356.71,1575.5,176.0039,375.1,410.8205
1995-02-28,632.1851,257.7615,993.2455,428.462,599.82,368.94,1614.41,177.1083,377.1,438.5861
1995-03-31,650.8361,262.1937,1057.282,430.6565,603.5,372.91,1607.94,179.0597,391.4,453.5817
1995-04-28,670.0007,268.0165,1096.9636,449.8274,611.93,382.4,1607.53,183.6347,387.1,476.4309
1995-05-31,696.765,272.6089,1086.6575,473.0942,635.61,393.12,1675.84,180.8068,384.3,495.4575
1995-06-30,712.9458,286.7403,1069.3109,474.0457,640.27,395.62,1702.51,174.4889,384.6,546.2571
1995-07-31,736.5872,303.2586,1135.7756,484.7779,638.84,400.62,1731.85,177.3371,382.6,577.6964
1995-08-31,738.417,309.5235,1091.9835,473.4542,646.55,401.87,1752.64,180.5308,382.75,585.9224
1995-09-29,769.5818,315.045,1114.6263,471.3992,652.84,406.81,1782.69,181.0815,384.0,594.4692
1995-10-31,766.823,300.9524,1083.9003,453.3418,661.33,409.32,1744.5,183.1156,383.0,608.5132
1995-11-30,800.4664,313.599,1113.6821,445.4026,671.24,412.93,1760.45,187.9269,387.8,603.5548
1995-12-29,815.8517,321.8696,1158.2296,465.0847,680.66,419.42,1856.57,203.4971,387.1,586.0988
1996-01-31,843.5693,321.5318,1162.0688,498.1772,685.18,426.8,1887.12,196.8141,406.3,602.0506
1996-02-29,851.3805,331.5535,1165.2313,490.2112,673.27,427.14,1909.21,197.696,400.75,633.7099
1996-03-29,859.5743,338.3102,1191.9701,493.9824,668.59,426.85,1898.79,206.664,395.45,620.3571
1996-04-30,872.2192,356.393,1227.2816,513.7409,664.83,427.79,1908.42,209.3274,391.65,678.4972
1996-05-31,894.6517,370.4323,1207.5638,511.3575,663.48,430.36,1957.73,203.8712,391.0,704.7564
1996-06-28,898.0497,355.2349,1216.1966,514.4964,672.39,433.92,1983.25,206.5216,380.45,689.4773
1996-07-31,858.3517,324.2071,1180.6528,479.1651,674.23,435.94,1998.22,194.652,387.05,647.5593
1996-08-30,876.4606,343.017,1183.1884,491.3437,673.1,440.65,2076.88,198.515,386.5,675.7385
1996-09-30,925.795,356.42,1215.5419,495.69,684.83,451.27,2113.03,205.2159,378.4,751.1318
1996-10-31,951.3133,350.9221,1202.3868,482.3556,700.0,454.74,2175.76,204.9208,378.05,765.9329
1996-11-29,1023.2145,365.3817,1249.6592,490.2312,711.99,463.71,2274.89,218.9817,371.65,849.5925
1996-12-31,1002.9199,374.9409,1233.1943,492.2327,705.37,467.03,2511.32,215.2563,367.7,836.8358
1997-01-31,1065.5599,382.4347,1189.0743,525.9229,707.53,471.59,2539.38,204.9099,344.35,939.0094
1997-02-28,1073.9116,373.1628,1207.8574,548.3042,709.29,479.39,2534.19,188.8185,363.45,866.6757
1997-03-31,1029.7897,355.5438,1214.2473,533.0542,701.43,472.25,2528.8,192.4289,351.25,812.3026
1997-04-30,1091.2373,356.5432,1221.3768,533.1634,711.93,477.23,2459.21,196.7678,339.5,891.5693
1997-05-30,1157.6713,396.1971,1304.0239,547.8842,718.66,487.44,2531.51,197.3687,344.65,977.3547
1997-06-30,1209.5387,413.1682,1378.1332,576.8734,727.19,494.2,2654.55,185.1689,333.95,975.8374
1997-07-31,1305.7207,432.3879,1400.4983,584.9385,746.8,507.77,2736.55,192.2873,324.55,1128.6011
1997-08-29,1232.5331,442.276,1295.8441,510.1983,740.43,506.62,2730.0,195.7684,324.15,1095.1639
1997-09-30,1300.0326,474.6512,1369.5225,524.0078,751.35,516.66,2968.26,201.7335,334.45,1118.6676
1997-10-31,1256.6021,453.804,1263.2247,437.8573,762.25,517.12,2888.03,208.1534,311.45,1039.7101
1997-11-28,1314.7822,450.87,1249.7413,421.8709,765.76,522.06,2950.45,188.6889,297.0,1071.2814
1997-12-31,1337.3331,458.7616,1260.1622,431.6032,773.47,526.64,3020.11,175.623,289.05,1010.616
1998-01-30,1352.1099,451.528,1316.619,397.6052,783.4,536.12,3004.15,174.2636,302.45,1092.6407
1998-02-27,1449.6294,484.9099,1400.4469,439.0956,782.81,539.26,2953.03,165.0984,299.15,1218.1904
1998-03-31,1523.8517,504.898,1446.1176,457.6562,785.5,544.32,3006.02,166.715,300.95,1245.555
1998-04-30,1539.1459,507.7189,1458.2825,453.0487,789.6,546.47,2908.1,163.8963,306.65,1273.6795
1998-05-29,1512.6438,480.3775,1454.1524,390.346,797.09,548.37,2887.73,158.2691,292.95,1216.5248
1998-06-30,1574.072,481.4406,1468.0667,349.4439,803.85,550.34,2868.18,155.1993,296.95,1364.8341
1998-07-31,1557.2929,442.4672,1482.4969,359.9043,805.56,553.47,2681.98,143.6022,286.45,1405.631
1998-08-31,1332.1354,356.5553,1299.0106,254.9489,818.67,522.93,2428.88,136.9596,275.55,1163.9434
1998-09-30,1417.4786,384.4602,1259.6479,270.8999,837.84,525.29,2566.38,153.7656,296.95,1373.3896
1998-10-30,1532.7633,400.1531,1389.9503,299.6062,833.42,514.53,2518.87,148.4851,292.55,1429.5984
1998-11-30,1625.6573,421.1159,1460.7118,324.4972,838.14,535.88,2555.96,133.4806,293.2,1590.43
1998-12-31,1719.3001,447.1855,1517.2732,319.4081,840.66,536.47,2491.53,133.019,288.25,1874.5045
1999-01-29,1791.1947,453.1303,1511.5464,314.6365,846.66,544.43,2439.47,135.2692,286.15,2171.8386
1999-02-26,1735.5131,416.4263,1474.6938,317.8123,831.88,541.23,2382.18,130.8113,287.05,1965.9252
1999-03-31,1804.947,422.9189,1539.6194,359.5745,836.49,546.39,2371.43,153.9354,280.05,2151.1836
1999-04-30,1874.8295,460.817,1603.0924,403.9328,839.14,556.98,2596.46,160.9771,286.55,2181.9019
1999-05-31,1830.5522,466.7034,1527.1859,401.5513,831.79,549.44,2653.5,152.2197,270.35,2134.4014
1999-06-30,1932.1431,488.6654,1589.161,447.1151,829.14,548.27,2610.53,163.362,262.5,2345.94
1999-07-30,1871.7942,475.2424,1636.0638,434.6861,825.61,550.47,2527.46,169.1718,255.95,2319.6762
1999-08-31,1862.5566,457.7896,1642.9379,438.7812,825.19,544.39,2495.34,181.6245,255.68,2448.4885
1999-09-30,1811.4935,457.8833,1660.01,423.864,834.77,540.47,2400.6,191.063,298.75,2459.7981
1999-10-29,1926.1131,459.7356,1721.3479,432.743,837.85,536.88,2341.56,181.3902,299.2,2694.3623
1999-11-30,1965.2593,487.1753,1780.7092,471.5836,837.79,543.19,2303.47,189.6623,290.7,3030.8601
1999-12-31,2080.9786,542.2707,1939.7671,531.6414,833.75,549.3,2376.42,194.5372,288.0,3788.3985
2000-01-31,1976.4252,533.5489,1815.2088,534.78,831.02,546.93,2384.25,206.3651,283.5,3647.6833
2000-02-29,1938.9957,621.6498,1863.8146,541.8417,841.07,547.99,2355.84,216.0089,292.2,4359.9583
2000-03-31,2128.689,580.6629,1938.6154,544.7677,852.15,536.47,2433.3,206.8815,279.08,4493.7262
2000-04-28,2064.6332,545.7448,1838.4779,493.344,849.71,537.33,2596.8,203.2085,273.55,3855.6135
2000-05-31,2022.2614,513.9341,1797.4334,472.7196,849.32,531.82,2622.34,223.2031,272.1,3396.8272
2000-06-30,2072.1154,558.5145,1869.4244,488.8076,866.99,542.65,2689.61,235.7137,289.53,3846.1699
2000-07-31,2039.846,540.545,1790.6937,463.5617,874.86,546.79,2924.69,213.3268,277.25,3688.4327
2000-08-31,2166.5507,581.6746,1807.1534,465.5249,887.54,550.53,2805.99,244.3988,277.85,4167.1201
2000-09-29,2052.166,564.5676,1719.6786,424.8846,893.12,545.72,2895.27,237.4833,274.25,3649.0177
2000-10-31,2043.4791,539.3617,1678.102,394.0469,899.03,528.24,2769.93,236.7139,265.15,3354.4573
2000-11-30,1882.3814,483.9929,1614.6216,359.5595,913.73,507.32,2805.5,256.384,270.45,2561.744
2000-12-29,1891.5811,525.5496,1671.2833,368.1306,930.68,517.12,3002.97,246.9237,272.25,2393.2871
2001-01-31,1958.692,552.8957,1670.5131,419.2623,945.9,555.86,3034.31,226.9736,265.85,2650.2637
2001-02-28,1780.0799,516.6083,1545.7843,386.2844,954.14,563.26,2985.85,221.9866,267.15,1950.5525
2001-03-30,1667.3124,491.3358,1443.5815,347.808,958.93,550.0,3014.83,212.7381,257.95,1608.1465
2001-04-30,1796.8656,529.7608,1545.4903,364.6896,954.95,543.15,3086.75,224.2305,264.05,1896.3746
2001-05-31,1808.9027,542.7783,1493.1901,368.9357,960.71,552.93,3161.48,217.6236,265.85,1839.9908
2001-06-29,1764.8643,561.5176,1433.9852,361.3034,964.34,537.42,3346.78,202.6644,270.85,1870.9745
2001-07-31,1747.4735,531.2426,1408.166,338.3018,985.9,545.33,3280.3,201.72,266.65,1721.2266
2001-08-31,1638.0833,514.0853,1372.8462,334.8679,997.19,551.76,3400.25,203.0028,274.4,1502.6579
2001-09-28,1505.7828,444.8672,1233.7338,283.077,1008.81,514.68,3259.05,181.7182,293.25,1194.5789
2001-10-31,1534.4735,470.902,1265.6209,300.6521,1029.92,527.41,3165.8,175.3805,279.65,1395.4782
2001-11-30,1652.1913,507.3484,1312.6206,332.1883,1015.72,546.65,3340.02,169.575,274.4,1632.0647
2001-12-31,1666.6637,538.6561,1320.4529,359.2343,1009.27,544.42,3421.37,169.1572,278.95,1612.6436
2002-01-31,1642.3564,533.0543,1250.4076,371.062,1017.44,548.21,3428.08,166.0257,282.55,1585.237
2002-02-28,1610.648,518.4387,1259.2737,376.9043,1027.3,540.56,3494.18,176.5311,296.55,1390.1295
2002-03-29,1671.2229,560.0991,1328.0589,399.2804,1010.21,553.57,3703.79,201.2279,302.65,1485.8553
2002-04-30,1569.8761,565.203,1337.7488,401.722,1029.8,562.2,3735.37,204.2329,308.45,1306.2044
2002-05-31,1558.31,540.1256,1356.1114,395.0207,1038.55,559.3,3785.94,194.2879,326.55,1236.0098
2002-06-28,1447.4348,513.3228,1302.8533,365.2466,1047.53,518.06,3889.42,202.7765,314.45,1075.4939
2002-07-31,1334.6123,435.7917,1174.3204,337.3485,1060.17,495.43,3685.98,203.4048,303.55,984.281
2002-08-30,1343.346,434.6813,1172.021,342.5108,1078.07,509.56,3678.77,215.2304,312.75,964.2104
2002-09-30,1197.349,403.4619,1046.5741,305.5495,1095.53,502.87,3537.59,227.5257,323.55,851.8127
2002-10-31,1302.7384,416.3958,1102.9134,325.4997,1090.54,498.48,3367.35,217.423,317.75,1012.5562
2002-11-29,1379.4156,453.5399,1153.1063,347.9565,1090.25,529.36,3525.92,217.5085,318.15,1142.1992
2002-12-31,1298.3721,428.2747,1114.5735,337.853,1112.77,536.76,3552.1,235.1541,348.05,1007.3945
2003-01-31,1264.3581,416.4217,1068.138,336.1197,1113.72,554.63,3448.83,253.4514,368.15,1006.1364
2003-02-28,1245.3875,403.8369,1043.7543,325.7446,1129.14,561.47,3505.89,278.572,349.95,1034.0766
2003-03-31,1257.4674,409.0381,1024.2464,316.3264,1128.26,577.62,3576.08,232.2788,337.45,1043.232
2003-04-30,1361.0217,447.8219,1125.8588,344.3481,1137.57,611.89,3733.31,215.6376,338.55,1132.8248
2003-05-30,1432.7229,495.8796,1195.2018,369.026,1158.78,618.21,3958.77,235.2415,364.45,1227.0502
2003-06-30,1450.9866,504.8513,1225.0223,390.1507,1156.48,635.99,4044.88,233.2028,346.4,1230.9686
2003-07-31,1476.5201,536.4349,1254.8897,414.4279,1117.6,629.0,4261.36,233.1563,354.35,1308.2051
2003-08-29,1505.3015,561.0288,1285.514,442.2845,1125.02,636.23,4284.18,242.459,375.55,1374.2556
2003-09-30,1489.3156,550.6632,1325.6031,445.8582,1154.8,653.62,4429.85,232.6344,385.35,1335.8991
2003-10-31,1573.4976,596.8951,1408.3214,483.596,1144.03,666.82,4509.88,238.4895,384.25,1452.2598
2003-11-28,1587.3167,618.0066,1439.8418,489.2607,1146.77,676.93,4706.49,245.8032,398.15,1460.5383
2003-12-31,1670.5528,630.7221,1552.7522,526.4672,1158.44,692.26,4871.12,260.5434,415.45,1505.3427
2004-01-30,1701.2137,658.0973,1574.8298,543.8377,1167.76,705.47,5081.85,260.088,402.45,1531.2736
2004-02-27,1724.8429,664.0229,1611.5725,568.4549,1180.4,703.7,5170.71,278.6556,396.15,1508.3613
2004-03-31,1698.8188,670.1318,1621.592,575.1733,1189.24,708.48,5456.47,282.1227,426.45,1475.5906
2004-04-30,1672.1609,635.9588,1586.2673,528.0818,1158.3,703.66,4660.84,289.5122,386.75,1437.788
2004-05-31,1695.0812,646.0753,1593.1601,517.6102,1153.66,691.74,4993.06,301.4126,395.55,1504.7124
2004-06-30,1728.0534,673.2993,1628.9051,520.6184,1160.18,701.66,5139.48,286.3553,394.25,1556.5305
2004-07-30,1670.8548,627.9664,1576.1838,511.1633,1171.68,711.2,5156.42,307.4776,391.05,1437.4678
2004-08-31,1677.5993,624.7146,1583.7794,532.5474,1194.03,725.15,5565.66,295.5954,409.85,1405.6567
2004-09-30,1695.7587,654.0466,1625.9728,563.3537,1197.27,735.68,5562.34,337.7328,418.25,1450.9338
2004-10-29,1721.6716,666.9083,1681.1462,576.9586,1207.31,748.97,5860.44,355.2492,428.55,1527.0498
2004-11-30,1791.3253,724.6096,1796.6481,630.412,1197.68,758.0,6112.63,342.5017,450.95,1614.9741
2004-12-31,1852.2367,745.9915,1875.6113,663.4101,1208.7,769.3,6409.3,310.4673,438.45,1666.1844
2005-01-31,1807.0862,714.8462,1841.4444,664.0286,1216.29,768.3,5871.11,331.4828,422.6,1562.0022
2005-02-28,1845.1113,726.9387,1921.6707,721.1122,1209.11,779.6,6051.17,355.8531,435.65,1554.4548
2005-03-31,1812.4369,706.0817,1874.5537,673.5815,1202.9,756.93,5957.39,383.6221,428.35,1525.2833
2005-04-29,1778.0681,665.6414,1832.6149,655.6271,1219.18,749.55,6274.28,353.6854,434.4,1461.9983
2005-05-31,1834.6401,709.2068,1835.4894,678.4953,1232.37,762.86,6491.75,354.8881,417.25,1588.557
2005-06-30,1837.248,736.5555,1860.7347,702.2475,1239.09,777.83,6818.11,379.7879,435.5,1538.082
2005-07-29,1905.569,783.2146,1917.9788,751.8717,1227.82,791.43,7304.67,401.999,429.8,1653.2208
2005-08-31,1888.1843,768.6614,1967.395,758.6002,1243.56,792.94,7037.59,465.1507,435.2,1630.3403
2005-09-30,1903.4768,771.0962,2055.6716,829.3221,1230.74,785.03,7079.51,469.5595,469.3,1650.932
2005-10-31,1871.7529,747.1482,1995.707,775.112,1221.0,779.55,6912.01,422.8763,465.19,1627.9145
2005-11-30,1942.5412,783.3261,2045.2578,839.3099,1226.4,783.62,7203.25,415.9086,493.08,1725.2817
2005-12-30,1943.1248,779.6487,2140.6217,891.2354,1238.06,790.35,7188.84,431.7214,517.0,1697.3238
2006-01-31,1994.5872,849.564,2272.1965,989.5744,1238.13,802.96,7714.01,453.9183,568.9,1765.1642
2006-02-28,1999.9796,847.1973,2267.8693,987.8944,1242.24,808.32,7852.02,415.8627,561.55,1725.0151
2006-03-31,2024.8551,888.314,2344.2285,996.9938,1230.05,813.16,8248.59,442.519,583.65,1759.4159
2006-04-28,2052.038,888.1322,2457.7962,1067.8344,1227.82,818.17,7942.04,474.7863,654.43,1756.6283
2006-05-31,1992.9807,838.2467,2365.3556,956.0629,1226.51,818.06,7715.96,474.5546,645.2,1632.8778
2006-06-30,1995.6231,843.6073,2366.4457,954.0525,1229.11,815.19,8117.39,484.6753,615.85,1628.5168
2006-07-31,2007.9394,816.1288,2390.0564,967.8921,1245.73,823.17,8391.19,498.2476,636.75,1560.7517
2006-08-31,2055.7176,840.2673,2456.8241,992.9564,1264.8,836.52,8708.79,465.868,627.3,1634.9732
2006-09-29,2108.6435,847.3358,2461.5587,1001.3485,1275.91,848.38,8869.74,428.0533,598.3,1712.053
2006-10-31,2177.347,896.1193,2557.5163,1049.2384,1284.35,859.92,9425.35,429.2243,606.6,1793.4069
2006-11-30,2218.7546,919.5273,2634.8436,1127.1672,1299.25,874.37,9863.5,463.6554,648.0,1855.4844
2006-12-29,2249.6859,922.5565,2717.7939,1180.9959,1291.71,883.97,9709.31,433.6465,636.7,1820.3057
2007-01-31,2283.7045,937.9887,2736.3751,1167.3245,1291.18,893.84,10526.96,427.2178,653.2,1857.1764
2007-02-28,2239.0473,930.5236,2759.1945,1160.0282,1311.09,906.34,10291.24,448.4914,669.35,1826.9904
2007-03-30,2264.0564,940.4915,2831.4611,1205.9337,1311.13,907.3,10045.6,468.115,663.8,1838.3575
2007-04-30,2364.354,957.4499,2959.7004,1261.701,1318.2,919.09,10043.61,474.4641,678.45,1937.6632
2007-05-31,2446.8344,996.6658,3015.4043,1324.8915,1308.21,925.96,10048.86,470.648,660.5,2001.9511
2007-06-29,2406.1613,982.242,3020.4788,1386.6971,1304.34,909.33,9137.56,489.152,649.65,2008.2231
2007-07-31,2331.5649,914.9666,2976.0374,1460.4495,1315.22,877.13,8424.63,515.941,664.3,2006.3109
2007-08-31,2366.5101,935.6503,2930.7653,1430.0716,1331.34,889.09,8978.24,495.304,673.3,2067.106
2007-09-28,2454.9903,951.7016,3088.4935,1588.2296,1341.44,912.36,9373.8,546.133,743.6,2173.6243
2007-10-31,2494.0404,979.0074,3210.1615,1765.4783,1353.49,917.83,9478.84,599.31,796.8,2327.5251
2007-11-30,2391.7077,908.6731,3105.855,1640.7361,1377.83,897.92,8619.15,577.987,783.55,2173.0144
2007-12-31,2375.0237,907.9509,3036.1944,1649.9529,1381.7,900.54,8185.75,610.169,833.7,2169.1643
2008-01-31,2232.5629,846.0124,2756.0563,1443.1194,1404.91,888.52,8101.79,608.378,926.1,1915.9867
2008-02-29,2160.0274,814.6425,2796.8853,1548.5758,1406.86,876.4,7813.51,679.778,973.9,1817.7225
2008-03-31,2150.6891,818.0271,2769.2725,1466.9813,1411.66,873.38,8300.4,668.913,916.9,1856.3222
2008-04-30,2255.4459,852.2719,2923.0978,1586.1841,1408.71,911.02,8786.74,721.067,877.55,1997.9269
2008-05-30,2284.6594,891.4206,2957.4404,1616.6746,1398.38,914.31,8854.47,786.583,886.5,2119.4438
2008-06-30,2092.0358,822.7941,2716.4181,1455.2001,1397.26,888.75,7891.5,862.809,925.4,1915.7381
2008-07-31,2074.4497,853.2311,2629.4337,1401.2405,1396.11,876.91,8165.42,760.199,914.1,1928.592
2008-08-29,2104.4608,884.0391,2524.0275,1289.8444,1409.36,879.98,8345.81,708.156,831.15,1954.7231
2008-09-30,1916.9211,813.593,2160.193,1064.2424,1390.43,809.78,8329.68,622.237,870.95,1664.7449
2008-10-31,1594.9726,644.2908,1724.3381,773.192,1357.61,680.97,5691.82,449.461,723.85,1393.7376
2008-11-28,1480.5366,568.0657,1632.331,715.075,1401.8,617.55,4379.55,390.646,818.05,1239.7271
2008-12-31,1496.268,600.9508,1730.6634,772.5799,1454.1,665.0,5097.46,349.038,882.05,1267.3148
2009-01-30,1370.1576,534.1016,1561.1412,721.8579,1441.27,704.86,4215.2,336.205,927.85,1234.6896
2009-02-27,1224.265,469.161,1401.8545,680.9006,1435.83,682.99,3337.41,336.24,942.32,1170.4129
2009-03-31,1331.5095,511.0028,1491.8438,779.0519,1455.79,704.77,3472.97,358.526,919.35,1296.6121
2009-04-30,1458.9212,589.9878,1685.3851,908.366,1462.75,790.08,4550.27,365.848,888.2,1461.8882
2009-05-29,1540.4755,607.7698,1887.9283,1064.4877,1473.36,843.24,4648.41,443.053,979.18,1507.0984
2009-06-30,1543.5244,616.6856,1878.0066,1050.4508,1481.74,867.39,4474.92,450.217,926.5,1551.204
2009-07-31,1660.2627,676.0747,2049.5485,1169.0932,1505.64,920.18,4943.57,457.407,954.0,1684.0277
2009-08-31,1720.1718,695.4604,2161.8159,1165.1403,1521.23,937.34,5605.49,453.787,951.19,1708.851
2009-09-30,1784.3533,735.511,2245.0573,1271.1409,1537.21,990.72,5963.97,462.748,1007.7,1807.9096
2009-10-30,1751.1877,685.5359,2217.1215,1272.8567,1544.8,1008.5,5695.33,496.808,1045.45,1753.7899
2009-11-30,1856.1558,706.8888,2262.4833,1327.621,1564.8,1018.66,6088.91,512.574,1179.63,1861.3198
2009-12-31,1892.0031,763.7481,2295.4342,1382.2747,1540.34,1052.08,6524.25,524.621,1096.98,1959.5952
2010-01-29,1823.9462,735.6007,2194.4262,1304.554,1563.87,1065.39,6184.3,486.145,1081.2,1834.3345
2010-02-26,1880.4077,768.698,2179.9828,1308.9736,1569.71,1067.25,6514.45,517.484,1117.59,1918.4386
2010-03-31,1993.8848,831.0874,2317.9127,1414.8658,1567.78,1100.71,7177.91,530.159,1113.25,2066.2116
2010-04-30,2025.349,878.119,2277.6292,1432.156,1584.1,1126.51,7676.2,549.941,1179.03,2111.6689
2010-05-31,1863.6295,811.4985,2018.6643,1307.0226,1597.43,1086.03,7250.53,488.193,1216.3,1957.4325
2010-06-30,1766.0587,748.5994,1999.8751,1297.8997,1622.48,1099.55,6886.77,495.177,1242.38,1838.6539
2010-07-30,1889.787,800.0123,2189.5518,1406.6176,1639.8,1138.65,7542.56,524.809,1181.0,1971.1055
2010-08-31,1804.4692,740.7755,2122.3571,1379.5279,1660.89,1139.06,7437.87,499.162,1247.4,1871.1462
2010-09-30,1965.5,833.073,2331.2,1533.0574,1662.66,1173.38,7770.14,546.064,1308.54,2115.7184
2010-10-29,2040.2836,867.1599,2415.5707,1577.7026,1668.58,1203.68,8135.44,564.16,1359.4,2250.0962
2010-11-30,2040.5293,897.2357,2300.3662,1536.1517,1658.99,1189.62,7976.14,575.84,1386.23,2245.2536
2010-12-31,2176.9132,968.5438,2486.9173,1648.2826,1641.1,1211.19,8347.58,631.83,1421.4,2352.6669
2011-01-31,2228.5001,966.0487,2545.8839,1602.8735,1643.01,1237.91,8691.91,655.26,1332.68,2421.0294
2011-02-28,2304.8279,1019.0278,2630.9379,1587.1739,1647.12,1254.13,9090.25,690.85,1411.33,2496.769
2011-03-31,2305.7577,1045.4378,2573.638,1680.717,1648.03,1258.19,8973.82,725.62,1432.2,2484.8167
2011-04-29,2374.0237,1073.0439,2728.6155,1733.4242,1668.95,1277.69,9432.7,758.79,1563.7,2554.6687
2011-05-31,2347.1437,1052.9255,2651.5599,1688.2552,1690.73,1283.92,9526.95,707.26,1535.73,2524.7926
2011-06-30,2308.016,1028.6498,2619.3709,1663.3144,1685.78,1271.42,9234.38,668.85,1500.18,2475.6183
2011-07-29,2261.0692,991.4683,2578.2415,1656.872,1712.53,1286.16,9331.56,686.08,1627.05,2516.8418
2011-08-31,2138.2249,905.2079,2346.4441,1509.2975,1737.55,1234.68,8809.33,674.69,1825.55,2391.259
2011-09-30,1987.9155,803.733,2124.3267,1289.4428,1750.19,1194.32,7842.65,591.0,1623.79,2283.11
2011-10-31,2205.1785,925.3838,2329.1889,1459.5827,1752.07,1265.89,8962.35,647.96,1714.7,2520.0848
2011-11-30,2200.2829,922.0087,2217.1153,1363.1975,1750.55,1238.6,8625.48,658.02,1746.35,2455.5855
2011-12-30,2222.7489,928.0998,2196.4074,1349.0025,1769.79,1271.5,9039.07,644.91,1564.91,2437.6519
2012-01-31,2322.3552,993.6714,2313.9729,1501.3733,1785.33,1310.11,9613.8,660.68,1737.76,2641.9884
2012-02-29,2422.7795,1017.4523,2448.2229,1590.493,1784.92,1341.22,9526.22,703.5,1696.76,2812.9733
2012-03-30,2502.3759,1043.5204,2438.6727,1537.5983,1775.14,1339.35,9987.37,688.71,1668.15,2955.4745
2012-04-30,2486.654,1027.4012,2392.0934,1519.646,1794.82,1353.37,10254.33,684.88,1664.75,2923.0365
2012-05-31,2337.2074,959.4415,2120.598,1350.1219,1811.06,1335.7,9802.04,596.2,1560.51,2714.4074
2012-06-29,2433.5106,1007.3169,2270.1131,1402.9366,1811.77,1363.9,10386.82,599.44,1597.45,2813.9233
2012-07-31,2467.302,993.3971,2296.1382,1431.2728,1836.76,1389.85,10612.21,635.82,1614.58,2843.919
2012-08-31,2522.8964,1026.5425,2358.7484,1426.9355,1837.96,1406.12,10624.91,675.03,1691.85,2990.1265
2012-09-28,2588.0843,1060.2525,2429.6505,1513.3527,1840.49,1425.69,10493.88,665.73,1772.25,3020.98
2012-10-31,2540.2981,1037.2508,2450.0232,1504.3157,1844.11,1438.21,10467.52,637.74,1720.65,2859.4551
2012-11-30,2555.0047,1042.7743,2510.1827,1523.4666,1847.02,1449.72,10439.07,650.05,1714.98,2900.256
2012-12-31,2578.1632,1080.1787,2590.8212,1600.1963,1844.39,1472.56,10819.84,646.58,1675.35,2884.9078
2013-01-31,2711.6878,1147.7901,2727.9372,1621.5457,1831.49,1492.3,11215.56,675.37,1663.7,2961.7816
2013-02-28,2748.4814,1160.45,2703.3862,1600.4505,1840.67,1499.88,11354.74,648.21,1579.61,2976.2227
2013-03-29,2851.5627,1214.0403,2728.058,1573.265,1842.14,1515.15,11696.24,655.05,1597.5,3065.2464
2013-04-30,2906.4973,1209.5803,2871.4516,1585.6149,1860.78,1542.56,12436.69,624.44,1476.71,3141.7166
2013-05-31,2974.427,1257.9211,2805.2457,1545.5826,1827.58,1533.62,11702.91,615.46,1387.8,3251.5948
2013-06-28,2934.4917,1251.4737,2706.3589,1447.9809,1799.31,1493.4,11446.85,611.3,1234.53,3175.8251
2013-07-31,3083.8099,1339.0493,2850.4027,1463.6322,1801.77,1521.71,11541.72,638.64,1325.07,3375.434
2013-08-30,2994.4407,1296.4981,2813.5702,1439.0069,1792.56,1512.46,10777.4,657.05,1395.27,3365.601
2013-09-30,3088.3531,1379.1887,3023.278,1533.0414,1809.53,1527.48,11147.52,632.4,1329.03,3525.4242
2013-10-31,3230.3029,1413.8701,3125.3627,1607.8468,1824.16,1565.75,11630.75,622.52,1323.06,3702.1168
2013-11-29,3328.6933,1470.5219,3150.3252,1584.3384,1817.33,1573.7,11064.85,620.12,1253.35,3832.9364
2013-12-31,3412.736,1499.5247,3198.1427,1563.9959,1807.06,1582.19,11128.83,632.29,1201.64,3949.2464
2014-01-31,3294.7432,1458.0181,3070.42,1461.5411,1833.76,1593.29,11497.42,622.26,1244.55,3873.8286
2014-02-28,3445.3975,1526.7091,3242.5463,1509.1686,1843.51,1625.52,12033.97,649.6444,1326.39,4073.761
2014-03-31,3474.3664,1516.3156,3225.5463,1555.6466,1840.37,1629.36,12076.48,648.857,1284.01,3965.4893
2014-04-30,3500.0397,1457.5111,3273.8991,1561.4713,1855.9,1639.68,12438.1,652.5111,1291.6,3952.1985
2014-05-30,3582.1403,1469.1934,3330.5884,1616.2933,1877.03,1654.77,12800.55,649.6324,1249.68,4131.8856
2014-06-30,3656.1411,1547.3653,3363.4319,1659.9172,1878.0,1668.59,12937.07,658.5723,1327.33,4259.4663
2014-07-31,3605.7146,1453.7046,3298.454,1693.0612,1873.29,1646.34,12941.18,621.7026,1282.59,4309.2749
2014-08-29,3749.9171,1525.7879,3294.5554,1731.7726,1893.97,1672.43,13365.0,610.9172,1287.32,4528.753
2014-09-30,3697.3396,1433.4871,3169.7327,1603.7773,1881.11,1637.42,12615.85,574.2939,1208.15,4494.7505
2014-10-31,3787.6298,1527.9813,3124.3283,1622.8787,1899.6,1656.89,13749.9,539.5923,1172.94,4616.7448
2014-11-28,3889.4119,1529.3602,3168.3759,1605.7009,1913.08,1644.82,14071.2,482.1124,1167.38,4826.0557
2014-12-31,3879.4035,1572.9448,3060.0163,1533.1923,1914.87,1621.01,14247.97,418.1225,1184.37,4714.5898
2015-01-30,3762.9503,1522.3593,3075.7768,1542.2719,1955.02,1631.71,15126.47,389.6819,1283.79,4619.0927
2015-02-27,3979.1689,1612.7364,3260.6181,1589.6568,1936.64,1671.04,14666.73,421.2419,1213.18,4953.5189
2015-03-31,3916.2517,1640.831,3215.286,1567.294,1945.63,1661.89,14815.12,396.6492,1183.57,4838.1865
2015-04-30,3953.7713,1598.9852,3347.6523,1688.2238,1938.65,1681.95,14081.98,445.5848,1184.37,4929.3165
2015-05-29,4004.6217,1635.4909,3333.6956,1620.9461,1933.98,1687.05,14050.82,439.0937,1190.58,5043.4027
2015-06-30,3927.0995,1647.7379,3240.4303,1580.2174,1912.89,1661.94,13472.42,440.6926,1172.35,4922.4385
2015-07-31,4009.3894,1628.5919,3307.8883,1471.5218,1926.19,1652.26,14144.31,378.3843,1095.8,5140.0544
2015-08-31,3767.4351,1526.2504,3065.6037,1338.8909,1923.42,1623.48,13321.15,380.848,1134.93,4797.4367
2015-09-30,3674.231,1451.3692,2911.9546,1299.0785,1936.43,1581.23,13605.29,359.3369,1115.09,4694.6212
2015-10-30,3984.1605,1533.1423,3139.9647,1391.8268,1936.76,1624.7,14485.7,363.4441,1142.11,5222.4211
2015-11-30,3995.9735,1583.0144,3092.3575,1337.587,1931.64,1588.59,14461.0,336.1496,1064.77,5251.2345
2015-12-31,3932.5879,1503.527,3051.4502,1309.2563,1925.4,1548.58,14650.51,311.6524,1061.1,5173.5729
2016-01-29,3737.4311,1371.2892,2831.2671,1224.2745,1951.89,1523.69,14134.87,300.6679,1118.21,4822.1503
2016-02-29,3732.3522,1371.1349,2780.9443,1222.1014,1965.74,1532.4,14074.39,303.6298,1238.67,4744.9277
2016-03-31,3985.5385,1480.5666,2964.6076,1383.76,1983.77,1600.51,15505.92,323.4185,1232.75,5066.8927
2016-04-29,4000.9989,1503.8041,3052.9361,1391.5637,1991.39,1663.17,15224.7,360.407,1293.53,4908.6971
2016-05-31,4072.7916,1537.6673,3028.7306,1339.9134,1991.9,1673.44,15576.94,370.9456,1215.32,5127.0829
2016-06-30,4083.362,1536.6845,2928.3787,1394.7807,2027.69,1688.84,16654.7,374.0323,1321.9,5008.943
2016-07-29,4233.8932,1628.4352,3076.8603,1468.4065,2040.51,1734.5,17302.42,339.3952,1351.28,5366.1235
2016-08-31,4239.8513,1657.2218,3080.0335,1505.3769,2038.18,1770.79,16701.17,348.2078,1308.97,5423.982
2016-09-30,4240.5997,1675.6803,3119.4139,1525.2015,2036.98,1782.59,16453.83,364.4711,1315.87,5545.0526
2016-10-31,4163.2437,1596.0184,3056.2435,1528.9737,2021.4,1789.47,15613.01,361.623,1277.21,5462.6968
2016-11-30,4317.4348,1773.7749,2996.9265,1458.6355,1973.59,1780.98,15234.82,377.2212,1173.2,5486.2884
2016-12-30,4402.4424,1823.4503,3100.1112,1463.1038,1976.37,1813.85,15914.73,398.2039,1147.5,5549.0605
2017-01-31,4485.9406,1830.6217,3190.4323,1543.1673,1980.25,1840.19,15941.14,395.8302,1210.72,5840.1605
2017-02-28,4664.0562,1865.8777,3237.1273,1590.3275,1993.56,1866.97,16581.04,402.2199,1248.44,6095.3326
2017-03-31,4669.454,1868.3193,3330.711,1630.9811,1992.51,1862.81,16320.1,388.2245,1249.2,6219.9292
2017-04-28,4717.4142,1888.8073,3417.8368,1667.0498,2007.89,1884.32,16390.8,382.7658,1268.28,6391.4579
2017-05-31,4783.7977,1850.3816,3546.2258,1716.6061,2023.34,1900.7,16369.93,377.8538,1268.92,6639.4026
2017-06-30,4813.61,1914.3127,3541.1086,1735.0009,2021.31,1903.27,16691.26,372.3775,1241.61,6480.0779
2017-07-31,4912.5884,1928.5182,3643.6689,1839.7236,2030.01,1924.35,16902.42,388.0653,1269.44,6750.3674
2017-08-31,4927.6265,1903.9819,3643.5454,1881.4327,2048.21,1923.6,17010.94,386.0041,1321.43,6887.6162
2017-09-29,5029.233,2022.787,3736.2634,1874.3271,2038.46,1940.87,16876.0,399.3082,1279.75,6879.5091
2017-10-31,5146.5838,2040.0105,3793.4012,1940.1549,2039.64,1949.07,16897.51,415.1419,1271.45,7192.6749
2017-11-30,5304.4365,2098.7476,3834.2478,1944.1349,2037.02,1944.09,17346.02,424.2574,1275.01,7341.0849
2017-12-29,5362.9927,2090.1795,3896.8233,2015.9518,2046.37,1949.97,17295.16,442.4357,1302.8,7379.009
2018-01-31,5669.9284,2144.7548,4092.7898,2183.7701,2022.8,1961.66,16785.79,456.533,1345.14,8021.014
2018-02-28,5460.9362,2061.959,3909.3608,2082.6122,2003.63,1944.99,15565.26,443.3807,1318.31,7923.4943
2018-03-30,5322.1238,2088.6115,3843.8811,2044.5026,2016.48,1933.24,16142.71,452.9353,1325.48,7611.5023
2018-04-30,5342.5383,2106.6711,3935.1132,2035.7998,2001.48,1945.82,16226.79,475.7616,1315.39,7642.7242
2018-05-31,5471.1723,2234.5454,3849.7092,1964.1341,2015.76,1945.28,16811.27,481.4273,1298.51,8076.6413
2018-06-29,5504.8072,2250.524,3804.1282,1883.7717,2013.28,1953.09,17514.65,487.4372,1252.6,8164.6612
2018-07-31,5709.671,2289.6738,3898.3677,1926.7011,2013.76,1974.4,17621.03,464.8324,1224.15,8389.9969
2018-08-31,5895.7101,2388.2949,3824.3865,1874.9942,2026.72,1988.97,18110.35,468.6881,1201.15,8893.7352
2018-09-28,5929.2236,2330.8469,3859.7434,1865.627,2013.67,2000.04,17667.15,486.2794,1190.88,8867.7395
2018-10-31,5523.9477,2077.679,3552.8006,1703.3018,1997.76,1968.07,17199.79,456.3168,1214.76,8103.3519
2018-11-30,5636.5004,2110.5055,3549.3629,1773.5856,2009.68,1951.14,18017.18,406.5197,1220.52,8096.062
2018-12-31,5127.3065,1859.6863,3378.1473,1728.0122,2046.6,1909.36,16595.65,374.3282,1282.49,7381.0579
2019-01-31,5538.18,2068.8383,3601.3509,1879.3124,2068.34,1995.67,18517.39,407.8907,1321.25,8056.9933
2019-02-28,5715.9996,2176.2006,3694.4579,1883.4326,2067.14,2028.86,18617.67,426.3466,1313.32,8293.5195
2019-03-29,5827.0348,2130.6366,3722.7828,1899.7761,2106.83,2047.94,19445.86,434.1253,1292.38,8627.6954
2019-04-30,6062.9671,2203.0152,3830.4329,1940.1282,2107.37,2077.06,19400.8,446.4518,1283.53,9101.9875
2019-05-31,5677.6724,2031.6812,3651.018,1799.8483,2144.78,2052.37,19525.76,407.7638,1305.58,8351.437
2019-06-28,6077.7783,2175.238,3869.1851,1913.6271,2171.71,2099.15,19793.88,425.3581,1409.55,8994.0792
2019-07-31,6165.1325,2187.697,3820.8039,1891.529,2176.49,2110.98,20098.76,422.4391,1413.78,9206.6144
2019-08-30,6067.4764,2079.6505,3723.1414,1799.7657,2232.89,2119.43,20931.02,397.0581,1520.38,9035.2426
2019-09-30,6180.9658,2122.919,3832.0697,1834.6846,2221.0,2127.15,21323.97,403.6126,1472.49,9109.998
2019-10-31,6314.8288,2178.8289,3970.0856,1912.2245,2227.69,2133.02,21554.83,407.5104,1512.99,9508.0894
2019-11-29,6544.0565,2268.248,4016.0382,1909.7118,2226.55,2139.99,21222.26,409.1913,1463.98,9898.1826
2019-12-31,6741.0931,2333.6298,4147.4814,2053.272,2225.0,2182.77,21352.44,436.2189,1517.27,10293.4334
2020-01-31,6738.1313,2258.728,4061.5413,1957.5933,2267.82,2183.35,21622.6,388.8018,1589.16,10602.7945
2020-02-28,6183.439,2068.462,3693.9706,1854.6171,2308.64,2152.56,20103.47,358.4439,1585.69,9990.3179
2020-03-31,5419.6698,1619.0147,3204.5665,1569.4098,2295.05,1905.89,16347.2,255.5416,1577.18,9233.8286
2020-04-30,6114.4384,1841.4072,3416.3467,1713.4485,2335.85,1991.76,17790.6,257.0446,1686.5,10640.373
2020-05-29,6405.6685,1961.2361,3566.9189,1726.9507,2346.72,2079.5,18094.9,307.0756,1730.27,11311.8019
2020-06-30,6533.0222,2030.5583,3690.1814,1854.6769,2361.51,2099.86,18512.81,325.483,1780.96,12032.1215
2020-07-31,6901.3664,2086.7614,3777.4384,2021.8646,2396.78,2198.3,19219.32,339.821,1975.86,12923.3954
2020-08-31,7397.4544,2204.3367,3972.9395,2067.0888,2377.43,2219.2,19245.57,358.2109,1967.8,14365.6723
2020-09-30,7116.3373,2130.7022,3872.2649,2034.2527,2376.13,2196.37,18733.04,350.178,1885.82,13551.0975
2020-10-30,6927.0868,2175.3262,3717.8934,2076.4743,2365.52,2207.52,18104.61,340.7799,1878.81,13122.6898
2020-11-30,7685.3387,2576.0446,4294.5681,2268.6373,2388.73,2294.85,19774.43,385.594,1776.95,14579.9562
2020-12-31,7980.5624,2798.8163,4495.5066,2439.1315,2392.02,2338.05,20258.86,409.458,1898.36,15324.5541
2021-01-29,7899.3409,2939.6532,4448.3582,2511.9655,2374.87,2345.78,20244.45,430.9947,1847.65,15373.9043
2021-02-26,8117.1709,3122.8417,4549.1513,2531.241,2340.58,2354.4,20795.58,476.9869,1734.04,15368.0068
2021-03-31,8472.5995,3154.0978,4659.933,2493.7106,2311.35,2357.92,21944.84,467.414,1707.71,15594.3301
2021-04-30,8924.7662,3220.3308,4803.2798,2556.1525,2329.61,2383.53,23726.14,505.8542,1769.13,16516.8809
2021-05-31,8987.0751,3226.9646,4963.5496,2615.8966,2337.22,2390.58,23921.42,519.2278,1906.87,16324.4241
2021-06-30,9196.85,3289.4807,4909.4829,2621.4467,2353.64,2422.6,24584.1,535.9755,1770.11,17369.0349
2021-07-30,9415.3044,3170.7009,4947.3682,2446.0285,2379.96,2431.83,25657.05,541.129,1814.19,17858.338
2021-08-31,9701.5917,3241.5528,5035.8321,2510.4344,2375.43,2444.32,26191.56,527.3677,1813.62,18617.6565
2021-09-30,9250.2361,3145.9603,4894.9141,2411.6369,2354.86,2444.06,24640.59,557.7057,1756.95,17559.0539
2021-10-29,9898.2267,3279.7866,5015.6608,2435.7567,2354.21,2439.87,26384.62,588.2094,1783.38,18952.9657
2021-11-30,9829.4315,3142.4324,4783.2377,2336.5049,2361.18,2416.14,26117.18,522.4443,1774.52,19309.9428
2021-12-31,10269.2852,3212.602,5029.0203,2382.6275,2355.14,2461.43,28625.44,561.1805,1829.2,19539.6017
2022-01-31,9737.8641,2903.2909,4786.7067,2337.418,2304.4,2394.13,26354.72,623.7843,1797.17,17880.9279
2022-02-28,9446.0186,2934.2287,4704.1908,2267.1551,2278.69,2369.55,25328.68,673.0487,1908.99,17068.2667
2022-03-31,9796.7355,2970.617,4741.0872,2216.8228,2215.38,2342.38,27119.13,724.1862,1937.44,17799.1188
2022-04-29,8942.4568,2676.2014,4437.5246,2093.8297,2131.31,2259.09,26127.91,756.7522,1896.93,15424.349
2022-05-31,8958.9675,2680.0495,4476.5678,2103.4912,2145.05,2264.63,24904.74,786.4548,1837.35,15187.9847
2022-06-30,8219.1718,2459.6066,4062.228,1964.9641,2111.4,2112.15,23136.73,709.2296,1807.27,13829.4507
2022-07-29,8977.0367,2716.3957,4265.4755,1961.5715,2162.99,2236.84,25114.35,692.6372,1765.94,15572.3558
2022-08-31,8610.9296,2660.81,4064.0133,1970.3719,2101.88,2185.29,23636.59,665.9277,1711.04,14776.5065
2022-09-30,7817.6574,2406.0571,3687.4331,1740.3255,2011.06,2098.5,20630.59,607.7575,1660.61,13217.9621
2022-10-31,8450.6013,2670.938,3885.9002,1686.5109,1985.01,2153.03,21328.28,636.8439,1633.56,13747.5988
2022-11-30,8922.856,2732.7365,4324.6115,1936.9066,2058.01,2199.76,22606.77,621.1091,1768.52,14519.631
2022-12-30,8407.8758,2555.287,4329.3259,1910.7491,2048.73,2186.03,21483.84,610.0719,1824.02,13212.039
2023-01-31,8936.1319,2804.3403,4680.8264,2061.7576,2111.76,2269.26,23647.16,606.0573,1928.36,14621.4053
2023-02-28,8717.2797,2756.8715,4584.3145,1928.1149,2057.16,2240.09,22245.88,581.8661,1826.92,14566.9811
2023-03-31,9037.1675,2625.0106,4705.6912,1987.3768,2109.41,2264.03,21858.66,574.0241,1969.28,15956.5513
2023-04-28,9178.2261,2577.8041,4842.8897,1965.2503,2122.2,2286.64,21923.69,564.9676,1990.0,16039.3642
2023-05-31,9218.1389,2553.7662,4643.2021,1932.6819,2099.09,2265.69,20996.68,528.2247,1962.73,17279.9844
2023-06-30,9827.2164,2761.2775,4855.861,2007.5066,2091.6,2303.6,22121.65,540.4607,1919.35,18411.4826
2023-07-31,10142.9158,2930.1269,5014.07,2133.5249,2090.15,2335.38,22564.66,593.4022,1965.09,19118.4296
2023-08-31,9981.4235,2783.431,4822.7493,2002.5069,2076.8,2341.85,21813.8,591.4241,1940.19,18831.3447
2023-09-29,9505.5248,2619.4705,4661.5491,1951.0137,2024.02,2314.15,20277.9,609.6686,1848.63,17885.3071
2023-10-31,9305.6633,2440.7767,4472.9797,1875.3279,1992.08,2287.2,19645.69,576.9723,1983.88,17521.1316
2023-11-30,10155.5121,2661.1427,4889.1062,2025.5999,2082.29,2390.82,21976.12,555.7702,2036.41,19416.7397
2023-12-29,10615.6716,2986.6197,5149.5915,2104.0492,2162.0,2479.95,23923.6,535.6413,2062.98,20495.771
