Date,SPX,RTY,MXEA,MXEF,LBUSTRUU,LF98TRUU,FNERTR,SPGSCI,XAU,validation_loss,delta,gamma,epsilon,wB,wW,wT,wI,cn_CIQ,ann_port_vol_val,iq_method,best_epoch
2003-06-30,0.122371,0.067874,0.149034,0.049439,0.066768,0.071232,0.222111,0.0654,0.185771,-0.70719,1.377089,-0.011995,2.329321,0.185071,0.173797,0.305089,0.336043,1.479684,5.615219,iq1,4
2003-07-31,0.1050499975681305,0.0663020014762878,0.0912609994411468,0.0506579987704753,0.0969280004501342,0.0917590036988258,0.2241179943084716,0.0900660008192062,0.1838590055704116,-0.709266,1.441144,-0.029456,2.017331,0.096773,0.158169,0.48535,0.259709,1.672885,5.738086,iq1,9
2003-08-29,0.1049809977412223,0.0690660029649734,0.0898839980363845,0.0527909994125366,0.0962259992957115,0.0918160006403923,0.2248799949884414,0.0916099995374679,0.1787459999322891,-0.729187,1.461044,-0.059831,1.370016,0.084625,0.14343,0.428589,0.343356,1.566404,5.777043,iq1,10
2003-09-30,0.1049280017614364,0.0711570009589195,0.089657999575138,0.0558150000870227,0.0989139974117279,0.0908769965171814,0.220097005367279,0.0977469980716705,0.1708070039749145,-0.755493,1.450078,-0.063003,1.224527,0.076904,0.129994,0.406906,0.386196,1.504672,5.773314,iq1,0
2003-10-31,0.1043490022420883,0.0713979974389076,0.0881299972534179,0.0557259991765022,0.1018719971179962,0.0913650020956993,0.2185609936714172,0.0992410033941268,0.1693580001592636,-0.612618,1.493942,-0.076077,1.309761,0.05451,0.129693,0.262016,0.553781,1.385324,5.784543,iq1,9
2003-11-28,0.1049309968948364,0.0735450014472007,0.085947997868061,0.0578849986195564,0.1032869964838028,0.092967003583908,0.2187930047512054,0.0955829992890358,0.1670590043067932,-0.611926,1.480613,-0.079984,1.168711,0.062328,0.126666,0.316279,0.494727,1.45643,5.845643,iq1,9
2003-12-31,0.1055890023708343,0.0749000012874603,0.0852850005030632,0.0570259988307952,0.1048030033707618,0.09357900172472,0.215038001537323,0.0983180031180381,0.165461003780365,-0.556004,1.479094,-0.083697,1.011966,0.05734,0.130442,0.374648,0.43757,1.49372,5.825531,iq1,7
2004-01-30,0.1055129989981651,0.0745579972863197,0.0848649963736534,0.0593050010502338,0.1047480031847953,0.0956960022449493,0.2144220024347305,0.1004140004515647,0.1604779958724975,-0.644826,1.497415,-0.089829,0.759799,0.039543,0.122967,0.344495,0.492995,1.448637,5.992462,iq1,8
2004-02-27,0.1035789996385574,0.07498399913311,0.0839480012655258,0.0600749999284744,0.1056929975748062,0.0956019982695579,0.2162870019674301,0.10173200070858,0.1581010073423385,-0.584158,1.503989,-0.092759,0.604808,0.034587,0.131021,0.330357,0.504036,1.441299,6.011233,iq1,10
2004-03-31,0.1026469990611076,0.0775410011410713,0.0803370028734207,0.0614800006151199,0.1062709987163543,0.1017860025167465,0.2164379954338073,0.0981649979948997,0.1553359925746917,-0.592189,1.509747,-0.094273,0.539489,0.026891,0.169521,0.239044,0.564543,1.35551,5.870442,iq1,9
2004-04-30,0.101342000067234,0.0791829973459243,0.0809440016746521,0.0648970007896423,0.1112470030784607,0.1041150018572807,0.2063640058040619,0.097180999815464,0.1547259986400604,-0.943944,1.491166,-0.091607,0.581845,0.036123,0.297199,0.25507,0.411608,1.461578,5.091157,iq1,1
2004-05-31,0.0977310016751289,0.079084001481533,0.0808110013604164,0.0647049993276596,0.113475002348423,0.1081719994544982,0.206834003329277,0.0952460020780563,0.1539430022239685,-0.798131,1.508135,-0.096112,0.474561,0.021598,0.295923,0.15841,0.524069,1.380012,5.136255,iq1,6
2004-06-30,0.0945120006799697,0.0793889984488487,0.0803690031170845,0.06649199873209,0.1157390028238296,0.1100440025329589,0.2078199982643127,0.0949060022830963,0.1507299989461898,-0.762646,1.50433,-0.096271,0.305005,0.02638,0.353375,0.139604,0.480641,1.483809,5.218768,iq1,11
2004-07-30,0.0938659980893135,0.0794619992375373,0.0792990028858184,0.0661199986934661,0.1171469986438751,0.1097770035266876,0.2069720029830932,0.0940489992499351,0.1533080041408538,-0.825469,1.5048,-0.096001,0.289893,0.031276,0.320435,0.135731,0.512558,1.413418,5.140144,iq1,6
2004-08-31,0.0914179980754852,0.080034002661705,0.0779599994421005,0.0661220028996467,0.1155980005860328,0.1096459999680519,0.2054760009050369,0.0960030034184455,0.1577419936656952,-0.769528,1.493877,-0.093789,0.309406,0.043336,0.293768,0.173897,0.488999,1.435289,5.176609,iq1,0
2004-09-30,0.0883549973368644,0.0808489993214607,0.0783720016479492,0.069191001355648,0.1160750016570091,0.1109950020909309,0.2047699987888336,0.0952130034565925,0.1561809927225113,-0.671198,1.510197,-0.094411,0.346885,0.057056,0.27021,0.14104,0.531695,1.391894,5.147079,iq1,10
2004-10-29,0.0876509994268417,0.0813769996166229,0.080935999751091,0.0736680030822753,0.1189289987087249,0.1138290017843246,0.2051890045404434,0.0700619965791702,0.1683609932661056,-0.661946,1.503259,-0.097525,0.218694,0.04512,0.234779,0.057642,0.66246,1.309685,5.025395,iq1,9
2004-11-30,0.0854000002145767,0.0817350000143051,0.0796170011162757,0.0760930031538009,0.1196359992027282,0.1210590004920959,0.202236995100975,0.0711679980158805,0.1630540043115615,-0.692256,1.501036,-0.097342,0.238383,0.073855,0.250707,0.045193,0.630245,1.291124,4.947795,iq1,8
2004-12-31,0.0865909978747367,0.0804560035467147,0.0805959999561309,0.0932250022888183,0.1222539991140365,0.1256300061941146,0.2021870017051696,0.0601839981973171,0.1488759964704513,-0.637891,1.481587,-0.095671,0.239923,0.160725,0.19467,0.042781,0.601824,1.27941,4.881051,iq1,9
2005-01-31,0.0891399979591369,0.0775920003652572,0.0771970003843307,0.0915429964661598,0.1241339966654777,0.1311440020799636,0.197393998503685,0.0614599995315074,0.1503960043191909,-0.830703,1.462286,-0.094484,0.230862,0.278104,0.168558,0.038519,0.51482,1.273806,4.624074,iq1,0
2005-02-28,0.0848599970340728,0.0767910033464431,0.0772799998521804,0.0938260033726692,0.1253010034561157,0.1309950053691864,0.1931270062923431,0.0710399970412254,0.1467799991369247,-0.743411,1.507191,-0.096019,0.379428,0.297351,0.130954,0.026747,0.544948,1.206064,4.594372,iq1,9
2005-03-31,0.0867730006575584,0.0756890028715133,0.0791739970445633,0.0977090001106262,0.1262049973011016,0.1342879980802536,0.190429002046585,0.0696950033307075,0.1400379985570907,-0.834601,1.50764,-0.096716,0.579832,0.341998,0.090583,0.018355,0.549064,1.158917,4.421093,iq1,8
2005-04-29,0.0869320034980773,0.075762003660202,0.0800499990582466,0.0994649976491928,0.1270769983530044,0.1360969990491867,0.1903200000524521,0.0660130009055137,0.1382839977741241,-0.928505,1.495374,-0.097515,0.670919,0.447759,0.062252,0.012245,0.477744,1.191891,4.328648,iq1,10
2005-05-31,0.0882550030946731,0.0755850002169609,0.0804079994559288,0.1026170030236244,0.1267459988594055,0.1396870017051696,0.1872490048408508,0.0639979988336563,0.1354549974203109,-0.908577,1.494788,-0.098284,0.689554,0.439389,0.050108,0.008718,0.501785,1.161791,4.26772,iq1,9
2005-06-30,0.0890529975295066,0.0787279978394508,0.0837000012397766,0.1072139963507652,0.1249060034751892,0.1438789963722229,0.175814002752304,0.0664480030536651,0.1302579939365387,-0.714995,1.494588,-0.09824,0.752341,0.508158,0.04777,0.008563,0.435509,1.183517,4.390666,iq1,1
2005-07-29,0.0914309993386268,0.0827030017971992,0.0878859981894493,0.1119100004434585,0.1241940036416053,0.1456660032272339,0.1569110006093979,0.0730919986963272,0.1262069940567016,-0.560429,1.500608,-0.09806,0.589409,0.484913,0.046948,0.008753,0.459386,1.201671,4.414674,iq1,2
2005-08-31,0.0943910032510757,0.0826459974050521,0.0884269997477531,0.113987997174263,0.1241630017757415,0.1457429975271225,0.1542720049619674,0.0712549984455108,0.1251129955053329,-0.602473,1.525105,-0.099261,0.331301,0.363935,0.032154,0.004444,0.599467,1.137208,4.299787,iq1,7
2005-09-30,0.0954449996352195,0.0829399973154068,0.0889459997415542,0.1147200018167495,0.1243520006537437,0.1453080028295517,0.1506540030241012,0.0719169974327087,0.1257179975509643,-0.689295,1.51863,-0.099394,0.248027,0.413907,0.024566,0.003231,0.558295,1.157417,4.402801,iq1,8
2005-10-31,0.0963620021939277,0.0821219980716705,0.0909589976072311,0.11837899684906,0.1244259998202323,0.1492030024528503,0.1327109932899475,0.0824780017137527,0.1233590021729469,-0.94024,1.531899,-0.099571,0.221218,0.406252,0.019328,0.002454,0.571966,1.128703,4.239627,iq1,9
2005-11-30,0.0995080024003982,0.0831980034708976,0.0948470011353492,0.1200100034475326,0.1224739998579025,0.1493300050497055,0.1318320035934448,0.0773319974541664,0.121468000113964,-0.680654,1.511607,-0.099698,0.179323,0.448314,0.015029,0.00182,0.534838,1.12884,4.425115,iq1,7
2005-12-30,0.1023079976439476,0.08211500197649,0.0956979990005493,0.1208679974079132,0.1224260032176971,0.1511300057172775,0.1288260072469711,0.0754640027880668,0.1211659982800483,-0.622011,1.507107,-0.099771,0.172201,0.426277,0.012754,0.00149,0.559479,1.142838,4.451319,iq1,7
2006-01-31,0.1021950021386146,0.0806320011615753,0.0921529978513717,0.1134029999375343,0.1210270002484321,0.1508260071277618,0.128147006034851,0.0794180035591125,0.1321990042924881,-0.35184,1.504312,-0.099678,0.189425,0.477138,0.011261,0.001329,0.510272,1.192723,4.6498,iq1,0
2006-02-28,0.0959130004048347,0.0793239995837211,0.0901840031147003,0.113036997616291,0.1206649988889694,0.1536860018968582,0.1239269971847534,0.0902639999985694,0.1330000013113021,-0.421672,1.510494,-0.09972,0.201487,0.4988,0.011034,0.001477,0.488689,1.218874,4.762563,iq1,4
2006-03-31,0.0961479991674423,0.078684002161026,0.0889580026268959,0.1114159971475601,0.121968001127243,0.1539410054683685,0.1221489980816841,0.0938180014491081,0.1329189985990524,-0.330417,1.513345,-0.099769,0.190325,0.458319,0.009502,0.001309,0.530869,1.195142,4.816665,iq1,9
2006-04-28,0.0962420031428337,0.0802510008215904,0.0940369963645935,0.1154609993100166,0.1211669966578483,0.1509059965610504,0.125217005610466,0.0880080014467239,0.128711998462677,-0.337555,1.492093,-0.099625,0.180044,0.504731,0.007789,0.001098,0.486382,1.241561,4.860012,iq1,0
2006-05-31,0.097799003124237,0.0798360034823417,0.0941589996218681,0.1163790002465248,0.1230589970946312,0.1511780023574829,0.1244900003075599,0.0862239971756935,0.1268749982118606,-0.520223,1.497859,-0.099818,0.178607,0.521508,0.007987,0.001114,0.469391,1.197801,4.610711,iq1,2
2006-06-30,0.0978979989886283,0.0748910009860992,0.0928269997239112,0.1141519993543624,0.1233510002493858,0.1520600020885467,0.1138800010085105,0.1041899994015693,0.1267510056495666,-0.38841,1.518088,-0.099848,0.222772,0.489588,0.007453,0.001072,0.501887,1.221107,4.960734,iq1,5
2006-07-31,0.0982619971036911,0.0748990029096603,0.1021070033311843,0.1138359978795051,0.123598001897335,0.1533650010824203,0.1110310032963752,0.094830997288227,0.1280699968338012,-0.29687,1.505477,-0.099879,0.188592,0.461621,0.005976,0.00094,0.531463,1.22641,5.027161,iq1,7
2006-08-31,0.102642998099327,0.0765900015830993,0.1040199995040893,0.1120830029249191,0.1205720007419586,0.1532620042562484,0.1130300015211105,0.0902620032429695,0.1275369971990585,-0.194947,1.494744,-0.099838,0.160526,0.490375,0.004826,0.000715,0.504084,1.246618,5.189226,iq1,0
2006-09-29,0.1014090031385421,0.0809720009565353,0.1103399991989135,0.1073310002684593,0.1202329993247985,0.1549199968576431,0.1111320033669471,0.0827229991555213,0.1309390068054199,-0.006598,1.475384,-0.099837,0.121493,0.482012,0.004367,0.000697,0.512924,1.229092,5.622876,iq1,0
2006-10-31,0.1063050031661987,0.0789349973201751,0.1166659966111183,0.0992579981684684,0.123269997537136,0.1708309948444366,0.1054550036787986,0.0884620025753974,0.1108179986476898,0.449863,1.473503,-0.099907,0.101082,0.490795,0.003518,0.000637,0.50505,1.251192,7.618598,iq1,13
2006-11-30,0.1096350029110908,0.0777710005640983,0.1111119985580444,0.0941390022635459,0.1233469992876052,0.1732060015201568,0.1035630032420158,0.0931769981980323,0.1140500009059906,0.579804,1.472365,-0.099888,0.08897,0.485508,0.002559,0.000411,0.511521,1.274071,7.935034,iq1,0
2006-12-29,0.1137539967894554,0.0743099972605705,0.1036500036716461,0.0831110030412674,0.1199039965867996,0.1769270002841949,0.1048189997673034,0.1130829975008964,0.110443003475666,0.469891,1.458182,-0.099906,0.071606,0.541422,0.001885,0.000292,0.456401,1.287738,8.395921,iq1,0
2007-01-31,0.1179300025105476,0.0720890015363693,0.1061429977416992,0.0789910033345222,0.1212100014090538,0.1962099969387054,0.0983270034193992,0.1109779998660087,0.0981220006942749,0.558096,1.460576,-0.099925,0.065384,0.502476,0.001931,0.000286,0.495307,1.286496,8.521855,iq1,0
2007-02-28,0.1173489987850189,0.0660379976034164,0.1180630028247833,0.0643220022320747,0.1106199994683265,0.1668580025434494,0.092580996453762,0.1574809998273849,0.1066899970173835,0.667747,1.430626,-0.099939,0.044689,0.506684,0.001244,0.000197,0.491874,1.279198,9.091987,iq1,0
2007-03-30,0.1200880035758018,0.0644629970192909,0.1273860037326812,0.0694290027022361,0.1085859984159469,0.1777770072221756,0.0735609978437423,0.1590500026941299,0.0996600016951561,0.552728,1.448559,-0.099966,0.036577,0.509228,0.000805,0.000106,0.48986,1.24561,9.159722,iq1,0
2007-04-30,0.120898000895977,0.0584550015628337,0.1335320025682449,0.0670389980077743,0.0947960019111633,0.1695539951324463,0.059893999248743,0.2078000009059906,0.0880319997668266,0.450511,1.443228,-0.099985,0.037577,0.526201,0.000792,0.000117,0.47289,1.213672,10.301121,iq1,1
2007-05-31,0.1093429997563362,0.055307000875473,0.123209998011589,0.0690020024776458,0.0919430032372474,0.1890289932489395,0.054892998188734,0.2225340008735656,0.0847399979829788,0.282091,1.442487,-0.09999,0.030916,0.506355,0.000304,3.2e-05,0.493309,1.227813,11.32461,iq1,0
2007-06-29,0.1053609997034072,0.0974330008029937,0.1580020040273666,0.1271470040082931,0.1083410009741783,0.1855040043592453,0.0748239979147911,0.0631980001926422,0.0801910012960434,0.439186,1.506163,-0.009331,11.804679,0.231561,0.259248,0.167962,0.341229,1.444556,10.652068,iq1,3
2007-07-31,0.1063859984278678,0.0964239984750747,0.1575269997119903,0.1274330019950866,0.108473002910614,0.1833399981260299,0.0753320008516311,0.0645520016551017,0.0805350020527839,0.160084,1.514339,-0.091251,2.313142,0.476956,0.007179,0.005581,0.510283,1.265043,10.479362,iq1,13
2007-08-31,0.1074270009994506,0.094039000570774,0.1567900031805038,0.1232350021600723,0.1085470020771026,0.1838179975748062,0.0805649980902671,0.0630180016160011,0.0825600028038024,0.124022,1.516641,-0.091566,2.323552,0.538691,0.006849,0.005507,0.448953,1.292313,10.624132,iq1,1
2007-09-28,0.1079860031604766,0.0937040001153945,0.1573130041360855,0.1223879978060722,0.108924001455307,0.18367700278759,0.0808079987764358,0.0625149980187416,0.082685999572277,0.119481,1.512494,-0.093849,2.124762,0.398187,0.005372,0.004222,0.592219,1.193893,10.282094,iq1,7
2007-10-31,0.1086620017886161,0.0918650031089782,0.1552120000123977,0.1199169978499412,0.1095060035586357,0.1842090040445327,0.0805379971861839,0.0656239986419677,0.0844660028815269,0.175455,1.513856,-0.093926,2.03059,0.485266,0.0046,0.003575,0.506559,1.239913,10.188871,iq1,0
2007-11-30,0.1106650009751319,0.0921420007944107,0.157941997051239,0.1167019978165626,0.1093529984354972,0.183458000421524,0.0811759978532791,0.0639450028538703,0.0846180021762847,0.063728,1.511852,-0.096762,1.674092,0.414563,0.003415,0.002811,0.579211,1.183942,9.985712,iq1,8
2007-12-31,0.1107129976153373,0.092018999159336,0.1575389951467514,0.1157689988613128,0.1094980016350746,0.1838559955358505,0.080775998532772,0.0641660019755363,0.0856650024652481,0.025358,1.513753,-0.09795,1.021814,0.44697,0.002612,0.002143,0.548276,1.225193,10.127816,iq1,8
2008-01-31,0.1105239987373352,0.0911350026726722,0.1572760045528412,0.1145799979567527,0.1104969978332519,0.1835470050573349,0.0808449983596801,0.0653880015015602,0.0862080007791519,0.012719,1.51498,-0.097793,0.959324,0.515453,0.002331,0.001924,0.480292,1.25446,10.06635,iq1,0
2008-02-29,0.1103179976344108,0.0852089971303939,0.1571640074253082,0.1140270009636879,0.1099260002374649,0.1836349964141845,0.0805009976029396,0.0655210018157959,0.093698002398014,0.001092,1.513765,-0.098503,0.736771,0.426012,0.002166,0.001832,0.56999,1.214687,9.977912,iq1,8
2008-03-31,0.1092920005321502,0.0835459977388382,0.1603460013866424,0.1138890013098716,0.1092299968004226,0.1833889931440353,0.0786530002951622,0.0670479983091354,0.0946080014109611,-0.080727,1.515436,-0.098072,0.768285,0.499965,0.002173,0.001854,0.496008,1.276432,10.210471,iq1,0
2008-04-30,0.1092699989676475,0.084426000714302,0.1610880047082901,0.1099729984998703,0.109263002872467,0.1825940012931823,0.0833450034260749,0.0655959993600845,0.0944439992308616,-0.06055,1.512407,-0.098128,0.781637,0.493648,0.002872,0.002462,0.501018,1.251696,10.065371,iq1,3
2008-05-30,0.1091990023851394,0.0842719972133636,0.1612749993801117,0.110104002058506,0.1091729998588562,0.1832869946956634,0.0831909999251365,0.0652249976992607,0.0942739993333816,0.039464,1.510911,-0.097787,0.678004,0.418915,0.00345,0.003027,0.574608,1.230347,10.197797,iq1,6
2008-06-30,0.1087139993906021,0.0829780027270317,0.1606480032205581,0.1102560013532638,0.1089690029621124,0.1836120039224624,0.0821840018033981,0.0671209990978241,0.0955189988017082,-0.00572,1.512655,-0.096883,0.727917,0.45179,0.003722,0.003323,0.541166,1.245441,10.135637,iq1,0
2008-07-31,0.1072079986333847,0.0823850035667419,0.1583790034055709,0.1097619980573654,0.1088889986276626,0.1839540004730224,0.075883999466896,0.0777650028467178,0.0957729965448379,-0.093227,1.512208,-0.096081,0.627419,0.358679,0.003556,0.003247,0.634517,1.206538,10.079581,iq1,8
2008-08-29,0.1071650013327598,0.082125000655651,0.1585479974746704,0.1051160022616386,0.1088780015707016,0.1850180029869079,0.0802379995584487,0.0773980021476745,0.0955139994621276,-0.10757,1.511172,-0.091573,0.732253,0.371079,0.004068,0.003776,0.621077,1.242428,10.182112,iq1,8
2008-09-30,0.10691499710083,0.0818269997835159,0.1552920043468475,0.1051699966192245,0.1087160035967826,0.1854339987039566,0.079816997051239,0.0807719975709915,0.0960569977760315,-0.326996,1.511702,-0.059498,0.956443,0.40364,0.005381,0.004744,0.586236,1.250574,9.981869,iq1,7
2008-10-31,0.1061799973249435,0.0813710018992424,0.1547529995441436,0.104774996638298,0.1090570017695427,0.1848479956388473,0.0801919996738433,0.0807500034570694,0.0980739966034889,-0.788244,1.513115,0.010009,1.066387,0.456166,0.006472,0.005445,0.531918,1.297942,8.290571,iq1,1
2008-11-28,0.1059769988059997,0.0806429982185363,0.1540929973125457,0.1062690019607544,0.1087450012564659,0.1850080043077469,0.078914001584053,0.0809250026941299,0.0994279980659484,-0.948007,1.513441,-0.011306,1.118614,0.518391,0.006131,0.00515,0.470328,1.305439,7.738216,iq1,0
2008-12-31,0.1023870036005973,0.0792220011353492,0.1520069986581802,0.1062690019607544,0.1086309999227523,0.1672919988632202,0.0753680020570755,0.0805829986929893,0.1282420009374618,-0.927894,1.522925,-0.029608,0.794866,0.639961,0.003664,0.003567,0.352808,1.353952,7.612564,iq1,3
2009-01-30,0.1024110019207,0.0791300013661384,0.1484870016574859,0.1062410026788711,0.108194001019001,0.1675329953432083,0.0751380026340484,0.0804580003023147,0.132409006357193,-1.109414,1.523558,0.040625,0.821673,0.614338,0.003828,0.003776,0.378059,1.306963,7.130832,iq1,8
2009-02-27,0.1020419970154762,0.0771609991788864,0.1470630019903183,0.1070220023393631,0.107755996286869,0.1675290018320083,0.073971003293991,0.0810419991612434,0.1364150047302246,-1.409643,1.523224,0.041077,0.855673,0.616869,0.003611,0.003586,0.375934,1.265943,6.534188,iq1,0
2009-03-31,0.1019209995865821,0.0771770030260086,0.1468379944562912,0.1066550016403198,0.1080389991402626,0.1671719998121261,0.0741380006074905,0.0807040035724639,0.1373549997806549,-1.323647,1.525108,-0.058822,0.6659,0.746827,0.002271,0.00255,0.248353,1.325005,6.522047,iq1,8
2009-04-30,0.1021390035748481,0.0774850025773048,0.1449970006942749,0.1066050007939338,0.1089110001921653,0.1663929969072342,0.0746830031275749,0.0810760036110878,0.1377120018005371,-1.31947,1.524642,-0.059289,0.723383,0.743719,0.002433,0.002738,0.25111,1.340228,5.903315,iq1,10
2009-05-29,0.1016099974513053,0.0761789977550506,0.1433610022068023,0.1081840023398399,0.109823003411293,0.1646279990673065,0.0729139968752861,0.0818160027265548,0.1414850056171417,-1.110235,1.524605,-0.054848,0.810879,0.73421,0.002513,0.00281,0.260468,1.392441,5.655255,iq1,0
2009-06-30,0.1009870022535324,0.076615996658802,0.1427990049123764,0.1079019978642463,0.1105810031294822,0.1639219969511032,0.0734089985489845,0.0819220021367073,0.141862004995346,-1.066095,1.525428,-0.057773,0.86354,0.749017,0.002729,0.00312,0.245134,1.424147,5.734158,iq1,13
2009-07-31,0.1008630022406578,0.0769720003008842,0.1407729983329773,0.1079339981079101,0.110846996307373,0.1622769981622696,0.0735630020499229,0.0815690010786056,0.1452019959688186,-0.961993,1.526137,-0.057837,0.871107,0.753884,0.002668,0.003089,0.240359,1.415869,5.548282,iq1,1
2009-08-31,0.1006930023431778,0.0774080008268356,0.1406819969415664,0.1075190007686615,0.111125998198986,0.1618490070104599,0.0736190006136894,0.0814549997448921,0.1456480026245117,-0.768822,1.526682,-0.082054,0.732181,0.794521,0.002116,0.002582,0.20078,1.474868,5.955697,iq1,13
2009-09-30,0.1002290025353431,0.077673003077507,0.1404809951782226,0.1079420000314712,0.1114450022578239,0.1618430018424987,0.0731360018253326,0.0817229971289634,0.1455280035734176,-0.412726,1.526156,-0.08447,0.897987,0.770678,0.002381,0.002846,0.224096,1.463511,6.441914,iq1,13
2009-10-30,0.1003049984574318,0.0779590010643005,0.1396690011024475,0.1083900034427642,0.1116100028157234,0.1614129990339279,0.0733589977025985,0.081835001707077,0.1454589962959289,-0.573194,1.524788,-0.083493,0.974081,0.694805,0.00336,0.003832,0.298004,1.436546,6.758489,iq1,13
2009-11-30,0.1000899970531463,0.0786150023341178,0.1381890028715133,0.1085100024938583,0.1116689965128898,0.1602710038423538,0.0729459971189498,0.0824600011110305,0.1472499966621399,-0.452942,1.523793,-0.078066,1.180797,0.573405,0.004371,0.004944,0.41728,1.353804,6.575874,iq1,13
2009-12-31,0.0999680012464523,0.0783649981021881,0.1377470046281814,0.1085020005702972,0.1116169989109039,0.1608150005340576,0.0726149976253509,0.0825880020856857,0.1477819979190826,-0.407849,1.523432,-0.074471,1.37223,0.497563,0.004901,0.005532,0.492003,1.279876,6.482701,iq1,9
2010-01-29,0.099772997200489,0.0784439966082573,0.1374370008707046,0.1082499995827674,0.1118159964680671,0.1609439998865127,0.0724610015749931,0.0825550034642219,0.1483210027217865,-0.588922,1.523266,-0.076978,1.720695,0.464085,0.00468,0.005056,0.526178,1.265744,6.571553,iq1,9
2010-02-26,0.099712997674942,0.0785539969801902,0.1375820040702819,0.1081160008907318,0.1121260002255439,0.1613519936800003,0.0724299997091293,0.0826399996876716,0.147486001253128,-0.590728,1.523472,-0.086455,1.672692,0.465901,0.003729,0.003959,0.526411,1.285569,6.65249,iq1,9
2010-03-31,0.0998909994959831,0.0791819989681243,0.1368419975042343,0.1079209968447685,0.1122099980711937,0.1610569953918457,0.0726310014724731,0.0825909972190857,0.1476739943027496,-0.500639,1.523768,-0.090083,1.380001,0.490359,0.00317,0.003354,0.503117,1.280288,6.588069,iq1,9
2010-04-30,0.1003770008683204,0.0792009979486465,0.1363880038261413,0.107635997235775,0.112085998058319,0.1617269963026046,0.0729509964585304,0.0822380036115646,0.1473959982395172,-0.445689,1.523981,-0.091312,1.065021,0.487975,0.00288,0.003071,0.506073,1.266905,6.48143,iq1,9
2010-05-31,0.1001409962773323,0.078755997121334,0.1364700049161911,0.1074049994349479,0.1121580004692077,0.1616799980401992,0.0720719993114471,0.0821330025792121,0.1491840034723281,-0.413892,1.524631,-0.091328,0.990794,0.51849,0.002583,0.002794,0.476133,1.289028,6.578333,iq1,0
2010-06-30,0.1003059968352317,0.0788109973073005,0.1314509958028793,0.1069779992103576,0.1120729967951774,0.1622869968414306,0.0718389973044395,0.082236997783184,0.1540199965238571,-0.497606,1.525328,-0.092641,0.808753,0.514305,0.002315,0.002568,0.480812,1.303079,6.64889,iq1,10
2010-07-30,0.0995279997587204,0.0790190026164054,0.1307130008935928,0.1069189980626106,0.1123099997639656,0.1617390066385269,0.0721800029277801,0.0818419978022575,0.1557500064373016,-0.452056,1.525219,-0.092092,0.868559,0.535284,0.002302,0.002569,0.459846,1.310481,6.482525,iq1,0
2010-08-31,0.099941000342369,0.0794370025396347,0.1299809962511062,0.1070619970560073,0.1132270023226738,0.1615339964628219,0.0723979994654655,0.0825090035796165,0.1539099961519241,-0.534747,1.524929,-0.094387,0.724741,0.490977,0.002122,0.002321,0.504579,1.267578,6.386952,iq1,8
2010-09-30,0.0997420027852058,0.0793429985642433,0.1297889947891235,0.1074030026793479,0.1132180020213127,0.1619119942188263,0.0724209994077682,0.0827730000019073,0.1534000039100647,-0.453966,1.525026,-0.094578,0.82977,0.477295,0.002209,0.002298,0.518198,1.247549,6.148596,iq1,9
2010-10-29,0.0997390002012252,0.0795739963650703,0.1297570019960403,0.1070370003581047,0.1130829975008964,0.1617919951677322,0.0708670020103454,0.0833140015602111,0.1548369973897934,-0.357933,1.525494,-0.095677,0.951355,0.476939,0.001886,0.002002,0.519173,1.21953,6.105546,iq1,9
2010-11-30,0.0996740013360977,0.0797879993915557,0.1297889947891235,0.1071510016918182,0.1129240021109581,0.1615889966487884,0.0711300000548362,0.0833939984440803,0.1545619964599609,-0.387825,1.526051,-0.096247,0.930828,0.523957,0.001808,0.001946,0.472289,1.263936,6.157322,iq1,10
2010-12-31,0.0997940003871917,0.0801919996738433,0.1290860027074813,0.1070280000567436,0.1132920011878013,0.1611189991235733,0.071492999792099,0.0836270004510879,0.1543689966201782,-0.317015,1.526104,-0.09657,0.817126,0.522285,0.001734,0.001877,0.474104,1.228194,5.957151,iq1,10
2011-01-31,0.1001470014452934,0.0809080004692077,0.1263319998979568,0.1073879972100257,0.1143060028553009,0.1592960059642791,0.0714799985289573,0.0871089994907379,0.1530320048332214,-0.367045,1.526461,-0.096748,0.76275,0.547055,0.001625,0.001772,0.449548,1.265005,6.004295,iq1,1
2011-02-28,0.0993119999766349,0.0804869979619979,0.1152990013360977,0.1075460016727447,0.1149720028042793,0.1594280004501342,0.0702160000801086,0.0965730026364326,0.1561670005321502,-0.260889,1.528574,-0.096349,0.744976,0.524605,0.001682,0.001727,0.471986,1.250205,5.997606,iq1,0
2011-03-31,0.0992669984698295,0.0803420022130012,0.1107700020074844,0.1071970015764236,0.1154559999704361,0.160984992980957,0.0723389983177185,0.0973389968276023,0.1563059985637664,-0.272564,1.526953,-0.096368,0.618628,0.441973,0.002412,0.002373,0.553242,1.250745,5.977773,iq1,9
2011-04-29,0.0995149984955787,0.0809139981865882,0.1085729971528053,0.106184996664524,0.1163410022854805,0.160628005862236,0.0718970000743866,0.0994070023298263,0.1565410047769546,-0.17664,1.528055,-0.096835,0.539079,0.504744,0.002145,0.0021,0.491011,1.265398,5.925797,iq1,1
2011-05-31,0.0993449985980987,0.0813160017132759,0.1086089983582496,0.1061099991202354,0.1165440008044242,0.1607210040092468,0.0722789987921714,0.099382996559143,0.1556939929723739,-0.175606,1.528299,-0.097299,0.407802,0.480709,0.002072,0.001822,0.515396,1.207177,5.837468,iq1,8
2011-06-30,0.0984489992260932,0.0814239978790283,0.1077229976654052,0.1060950011014938,0.1175799965858459,0.1607670038938522,0.0718590021133422,0.0994890034198761,0.1566130071878433,-0.115429,1.583763,-0.057973,7.856682,0.269627,0.135636,0.141803,0.452934,1.370922,6.24898,iq1,13
2011-07-29,0.099490001797676,0.0816259980201721,0.1046980023384094,0.1062519997358322,0.1197960004210472,0.160082995891571,0.0722049996256828,0.0994549989700317,0.1563950031995773,-0.175052,1.587118,-0.079869,6.721198,0.270907,0.089534,0.105923,0.533636,1.2711,6.093877,iq1,6
2011-08-31,0.0996259972453117,0.0816550031304359,0.1044130027294159,0.10623200237751,0.1195190027356147,0.1603090018033981,0.0718540027737617,0.0992389991879463,0.1571529954671859,-0.23356,1.580775,-0.086086,7.317482,0.378544,0.080572,0.082268,0.458617,1.301732,5.844407,iq1,11
2011-09-30,0.1000460013747215,0.0821330025792121,0.1037060022354126,0.1052860021591186,0.119727998971939,0.1612129956483841,0.071893997490406,0.0989490002393722,0.1570450067520141,-0.540828,1.584145,-0.091432,4.981369,0.35177,0.060653,0.066264,0.521314,1.239778,5.198198,iq1,10
2011-10-31,0.1001650020480156,0.0822819992899894,0.1031280010938644,0.1046060025691986,0.1197199970483779,0.161881998181343,0.0729930028319358,0.0984970033168792,0.1567260026931762,-0.396433,1.583499,-0.09413,3.943479,0.409575,0.05365,0.057566,0.479209,1.241009,4.720776,iq1,8
2011-11-30,0.1008630022406578,0.0829180032014846,0.1043889969587326,0.1043580025434494,0.1193170025944709,0.1613660007715225,0.0739950016140937,0.0977379977703094,0.1550550013780594,-0.429315,1.584352,-0.095918,2.910674,0.449967,0.043817,0.044951,0.461265,1.26005,4.664694,iq1,6
2011-12-30,0.1014679968357086,0.0835919976234436,0.1048009991645813,0.1035630032420158,0.1196430027484893,0.1603859961032867,0.0742970034480094,0.0975750014185905,0.154675006866455,-0.485031,1.585246,-0.097312,1.923457,0.433394,0.040095,0.038126,0.488386,1.223855,4.503478,iq1,7
2012-01-31,0.1015570014715194,0.0850500017404556,0.1050050035119056,0.1017019972205162,0.1194709986448288,0.1613620072603225,0.0752360001206398,0.0971719995141029,0.1534450054168701,-0.31034,1.58973,-0.098827,1.12375,0.356952,0.029625,0.020665,0.592758,1.170735,4.177547,iq1,6
2012-02-29,0.1020850017666816,0.0861200019717216,0.1047429963946342,0.1020049974322319,0.120228998363018,0.1616889983415603,0.0764890015125274,0.0943770036101341,0.1522630006074905,-0.354257,1.58733,-0.098915,0.954354,0.471214,0.032764,0.017114,0.478909,1.227904,4.285274,iq1,1
2012-03-30,0.1019750013947486,0.0871829986572265,0.1046769991517067,0.1011020019650459,0.1204790025949478,0.1604830026626587,0.0773369967937469,0.0949440002441406,0.1518200039863586,-0.347168,1.586519,-0.09893,1.100412,0.453224,0.03083,0.015402,0.500544,1.240655,4.298138,iq1,13
2012-04-30,0.1024859994649887,0.0878679975867271,0.1051009967923164,0.1011179983615875,0.1203470006585121,0.1597259938716888,0.0780489966273307,0.0947540029883384,0.1505510061979293,-0.376473,1.584636,-0.098914,1.032523,0.457908,0.030975,0.015336,0.495782,1.223951,4.281589,iq1,6
2012-05-31,0.103032998740673,0.0891409963369369,0.1054800003767013,0.1009910032153129,0.1204880028963089,0.1594720035791397,0.0804399996995925,0.0920239984989166,0.1489309966564178,-0.702602,1.587543,-0.099193,0.832648,0.381918,0.024404,0.011949,0.581729,1.167832,3.711173,iq1,7
2012-06-29,0.1033350005745887,0.0894699990749359,0.1057379990816116,0.1013019979000091,0.1212349981069564,0.1600790023803711,0.0819230005145073,0.0888469964265823,0.1480710059404373,-0.665952,1.583174,-0.098995,0.959821,0.44518,0.0311,0.013584,0.510135,1.186744,3.716497,iq1,1
2012-07-31,0.1035699993371963,0.0906819999217987,0.1058700010180473,0.1012379974126815,0.1212219968438148,0.1593669950962066,0.0825840011239051,0.0888129994273185,0.1466539949178695,-0.523459,1.58105,-0.098878,1.010937,0.468608,0.032803,0.014971,0.483618,1.185451,3.79384,iq1,8
2012-08-31,0.1044600009918212,0.0916099995374679,0.10623300075531,0.1007310003042221,0.1214009970426559,0.156823992729187,0.0826449990272522,0.0895619988441467,0.1465349942445755,-0.510304,1.58252,-0.098819,0.971661,0.477863,0.029854,0.014172,0.478111,1.19717,3.74386,iq1,0
2012-09-28,0.1058719977736473,0.0924639999866485,0.1062439978122711,0.1001359969377517,0.121238000690937,0.1559779942035675,0.0837770029902458,0.0907989963889122,0.1434919983148574,-0.272166,1.58172,-0.09879,0.990053,0.420947,0.023852,0.013104,0.542096,1.169451,3.835402,iq1,0
2012-10-31,0.1068750023841857,0.0932440012693405,0.106562003493309,0.0997069999575614,0.121628999710083,0.1592530012130737,0.0830809995532035,0.0900830030441284,0.1395670026540756,-0.359958,1.579014,-0.099045,0.912043,0.396426,0.024491,0.010265,0.568818,1.164917,3.815793,iq1,4
2012-11-30,0.1076880022883415,0.0931050032377243,0.1053839996457099,0.0985660031437873,0.1213139966130256,0.1660130023956298,0.0820870026946067,0.0896100029349327,0.1362330019474029,-0.318607,1.577256,-0.099078,0.849119,0.368017,0.021965,0.009092,0.600927,1.163376,3.833093,iq1,1
2012-12-31,0.1071280017495155,0.0932430028915405,0.1023280024528503,0.0954679995775222,0.1209940016269683,0.1771340072154998,0.0830349996685981,0.0894690006971359,0.1312009990215301,-0.204337,1.576069,-0.099172,0.749278,0.378777,0.017987,0.007342,0.595894,1.161339,3.883861,iq1,2
2013-01-31,0.1077689975500106,0.0931160002946853,0.1002290025353431,0.0946239978075027,0.120457999408245,0.1865870058536529,0.0829539969563484,0.0889900028705596,0.1252730041742324,-0.150122,1.575926,-0.099458,0.550847,0.333761,0.00939,0.0046,0.652249,1.110637,3.845136,iq1,3
2013-02-28,0.1115010008215904,0.0936010032892227,0.1003480032086372,0.0895019993185997,0.122418001294136,0.1959609985351562,0.0867130011320114,0.0846230015158653,0.1153329983353614,-0.283989,1.575852,-0.099478,0.549695,0.300501,0.007275,0.003882,0.688342,1.113908,3.854041,iq1,4
2013-03-29,0.1150510013103485,0.0958779975771904,0.0990549996495246,0.084195002913475,0.1239200010895729,0.2021320015192031,0.0881329998373985,0.0811730027198791,0.1104620024561882,-0.221709,1.57227,-0.099568,0.50366,0.271309,0.006633,0.003009,0.719049,1.109042,3.789618,iq1,2
2013-04-30,0.1152319982647895,0.0971089974045753,0.0948449969291687,0.0802749991416931,0.1248169988393783,0.2166839987039566,0.0914300009608268,0.0761760026216507,0.1034300029277801,-0.274876,1.575885,-0.09977,0.361304,0.215167,0.003987,0.001514,0.779331,1.097173,3.778488,iq1,6
2013-05-31,0.1154540032148361,0.0972260013222694,0.0939439982175827,0.079645000398159,0.1253190040588379,0.2194419950246811,0.093529000878334,0.0751470029354095,0.1002940014004707,-0.356212,1.567141,-0.099581,0.501477,0.270517,0.005498,0.002424,0.721561,1.118258,3.696266,iq1,6
2013-06-28,0.1157319992780685,0.0984300002455711,0.0931809991598129,0.0750759989023208,0.1265379935503006,0.224151998758316,0.1004929989576339,0.0727559998631477,0.0936430022120475,-0.435008,1.559694,-0.09946,0.526531,0.358838,0.006225,0.002895,0.632042,1.156217,3.57667,iq1,2
2013-07-31,0.1162120029330253,0.0986979976296424,0.0922089964151382,0.0747689977288246,0.127127006649971,0.2335190027952194,0.1011649966239929,0.072852998971939,0.0834489986300468,-0.256854,1.55902,-0.099609,0.445286,0.299089,0.003608,0.001835,0.695468,1.115673,3.535958,iq1,5
2013-08-30,0.1166030019521713,0.0989879965782165,0.0924549996852874,0.0742689967155456,0.1274760067462921,0.2333499938249588,0.1013000011444091,0.0722789987921714,0.0832799971103668,-0.173157,1.560487,-0.099597,0.436674,0.277277,0.003125,0.00162,0.717978,1.099467,3.657356,iq1,6
2013-09-30,0.1170459985733032,0.0991609990596771,0.0911249965429306,0.073183998465538,0.1268559992313385,0.2366359978914261,0.1049590036273002,0.0708419978618621,0.0801900029182434,0.003235,1.556954,-0.099453,0.610931,0.309938,0.00346,0.001835,0.684767,1.117959,3.654292,iq1,5
2013-10-31,0.1170329973101615,0.1000590026378631,0.0912529975175857,0.0703139975666999,0.1281549930572509,0.2444819957017898,0.1063380017876625,0.0671209990978241,0.0752450004220008,-0.079658,1.556854,-0.099531,0.618404,0.358115,0.002886,0.001527,0.637472,1.126475,3.722624,iq1,2
2013-11-29,0.1171009987592697,0.1003440022468566,0.0912310034036636,0.0678580030798912,0.1296710073947906,0.243150994181633,0.1080619990825653,0.0664509981870651,0.0761319994926452,-0.03138,1.55522,-0.099469,0.626841,0.359734,0.002732,0.001535,0.635999,1.134724,3.772315,iq1,2
2013-12-31,0.1174319982528686,0.1006179973483085,0.0909240022301673,0.0685919970273971,0.1293590068817138,0.2435570061206817,0.1080050021409988,0.0658880025148391,0.0756239965558052,0.058474,1.554063,-0.099253,0.757302,0.379207,0.002914,0.001679,0.6162,1.157832,3.853866,iq1,5
2014-01-31,0.1190209984779357,0.1010800004005432,0.0901549980044364,0.0675230026245117,0.1301970034837722,0.2440070062875747,0.1109960004687309,0.0663229972124099,0.0706980004906654,0.145442,1.550941,-0.098898,0.811905,0.369815,0.002983,0.001711,0.625491,1.173582,3.994256,iq1,2
2014-02-28,0.118647001683712,0.1014650017023086,0.089648000895977,0.0671920031309127,0.1304470002651214,0.2439109981060028,0.111515000462532,0.0664599984884262,0.0707169994711875,0.246411,1.551974,-0.098225,0.579465,0.321671,0.002231,0.001324,0.674774,1.141386,3.878231,iq1,4
2014-03-31,0.1184960007667541,0.1013979986310005,0.0901879966259002,0.0670130029320716,0.1318839937448501,0.2427880018949508,0.1116150021553039,0.0664379969239234,0.0701790004968643,0.030989,1.551779,-0.093655,0.565439,0.297486,0.001992,0.001212,0.69931,1.141454,4.236741,iq1,4
2014-04-30,0.1188990026712417,0.1016509979963302,0.0897210016846656,0.0668049976229667,0.1319520026445388,0.24337999522686,0.1121589988470077,0.065149001777172,0.0702840015292167,-0.033792,1.550681,-0.07465,0.539542,0.317577,0.002084,0.00124,0.679099,1.134297,4.342197,iq1,4
2014-05-30,0.1190920025110244,0.1017400026321411,0.0901049971580505,0.066440999507904,0.1321420073509216,0.2433129996061325,0.112355999648571,0.0651369988918304,0.0696749985218048,-0.004923,1.544777,0.068093,0.549402,0.329983,0.002114,0.001264,0.66664,1.109828,4.26854,iq1,7
2014-06-30,0.1197839975357055,0.1016480028629303,0.0899529978632927,0.0655599981546402,0.1321150064468383,0.246530994772911,0.1117549985647201,0.0652389973402023,0.0674140006303787,2.8e-05,1.54302,0.079567,0.477588,0.384197,0.001968,0.001172,0.612663,1.13183,4.319169,iq1,1
2014-07-31,0.1201279982924461,0.101961001753807,0.0901959985494613,0.0659089982509613,0.1319810003042221,0.2462099939584732,0.1118249967694282,0.0652720034122467,0.0665180012583732,-0.146032,1.543681,0.091594,0.285681,0.30721,0.0013,0.000795,0.690694,1.102752,4.341805,iq1,7
2014-08-29,0.1213829964399337,0.1018389984965324,0.0896209999918937,0.0650580003857612,0.1322830021381378,0.2467789947986602,0.1118879988789558,0.0651009976863861,0.0660469979047775,-0.09651,1.543553,0.0903,0.373082,0.364811,0.001557,0.000968,0.632664,1.112772,4.323196,iq1,0
2014-09-30,0.126800999045372,0.1027280017733573,0.09043800085783,0.063399001955986,0.1339370012283325,0.2460889965295791,0.1125560030341148,0.0636359974741935,0.0604160018265247,-0.242152,1.541214,0.094179,0.280739,0.38002,0.001203,0.00074,0.618037,1.130291,4.200434,iq1,2
2014-10-31,0.1340810060501098,0.1029279977083206,0.0901350006461143,0.0634460002183914,0.1346099972724914,0.2458419948816299,0.1124849990010261,0.0620279982686042,0.0544460006058216,-0.12525,1.539479,0.095229,0.252354,0.407694,0.000987,0.000616,0.590703,1.146623,4.144389,iq1,3
2014-11-28,0.1409880071878433,0.1041100025177002,0.0900259986519813,0.0616689994931221,0.1343220025300979,0.2436950057744979,0.1131749972701072,0.0589459985494613,0.0530700013041496,-0.135662,1.54114,0.095829,0.199812,0.423411,0.000842,0.000524,0.575223,1.138361,4.263822,iq1,1
2014-12-31,0.1470479965209961,0.104553997516632,0.0892300009727478,0.0624549984931945,0.135121002793312,0.2463240027427673,0.1129880025982856,0.052081000059843,0.0501989983022213,-0.242998,1.544723,0.097016,0.164487,0.433423,0.000634,0.000389,0.565555,1.154181,4.291475,iq1,0
2015-01-30,0.1538580060005188,0.104771003127098,0.0879639983177185,0.0620479993522167,0.1358239948749542,0.248088002204895,0.1131569966673851,0.0424010008573532,0.0518889985978603,-0.280203,1.557805,0.097064,0.117537,0.466444,0.00043,0.000256,0.532869,1.190473,4.237454,iq1,0
2015-02-27,0.1541139930486679,0.1057040020823478,0.0882830023765564,0.0627439990639686,0.138153001666069,0.2541559934616089,0.1140509992837905,0.0299219992011785,0.0528730005025863,-0.277714,1.570998,0.098068,0.051849,0.456098,0.000223,0.000125,0.543555,1.189355,4.163772,iq1,3
2015-03-31,0.1556800007820129,0.1059119999408721,0.0889649987220764,0.0629779994487762,0.1467629969120025,0.2539129853248596,0.1157469972968101,0.0195560008287429,0.0504859983921051,-0.296134,1.582653,0.098826,0.025695,0.417863,0.000101,5.2e-05,0.581984,1.166384,4.126579,iq1,8
2015-04-30,0.1555469930171966,0.1064359992742538,0.0889469981193542,0.0636620000004768,0.1467400044202804,0.2533330023288727,0.1148170009255409,0.0196380000561475,0.0508790016174316,-0.325929,1.579521,0.098904,0.028809,0.440556,0.000119,6.1e-05,0.559264,1.192881,4.082177,iq1,9
2015-05-29,0.1559779942035675,0.1068350002169609,0.0897300019860267,0.0617620013654232,0.146588996052742,0.25347900390625,0.1150669977068901,0.019421000033617,0.0511399991810321,-0.346965,1.578324,0.098955,0.029208,0.458357,0.000123,6.2e-05,0.541459,1.178739,4.073455,iq1,7
2015-06-30,0.1558270007371902,0.1067629978060722,0.0899000018835067,0.0596689991652965,0.1466320008039474,0.2579019963741302,0.1150180026888847,0.0169300008565187,0.0513590015470981,-0.428523,1.605903,-0.002162,14.943381,0.238366,0.036624,0.038863,0.686147,1.137545,3.984282,iq1,9
2015-07-31,0.1587049961090088,0.1071180030703544,0.091278001666069,0.0590200014412403,0.1468680053949356,0.2600609958171844,0.1125440001487732,0.016202000901103,0.0482040010392665,-0.498958,1.601375,0.014912,16.332038,0.319232,0.024883,0.01772,0.638165,1.125054,3.931178,iq1,6
2015-08-31,0.1652189940214157,0.107643999159336,0.0937049984931945,0.0601960010826587,0.1506559997797012,0.2602010071277618,0.1136759966611862,0.0143149998039007,0.0343869999051094,-0.686828,1.606157,0.001213,18.255474,0.441257,0.016057,0.008257,0.534429,1.14904,3.687358,iq1,6
2015-09-30,0.1648810058832168,0.1078319996595382,0.0994869992136955,0.060029998421669,0.152755007147789,0.2583790123462677,0.1145069971680641,0.0149980001151561,0.0271310005336999,-0.860749,1.599834,-0.040303,18.291017,0.284434,0.00818,0.004921,0.702465,1.086324,3.519195,iq1,6
2015-10-30,0.1639119982719421,0.1101109981536865,0.094539999961853,0.0580779984593391,0.1569830030202865,0.2565529942512512,0.1180199980735778,0.013209999538958,0.0285940002650022,-0.738646,1.601061,-0.06515,18.199208,0.501142,0.009109,0.005274,0.484475,1.181334,3.341232,iq1,0
2015-11-30,0.1647370010614395,0.1133570000529289,0.0952619984745979,0.0577040016651153,0.1580740064382553,0.2560169994831085,0.1206540018320083,0.0058909999206662,0.028303999453783,-0.83238,1.62202,-0.066415,21.702357,0.457085,0.004067,0.002991,0.535857,1.151522,3.300465,iq1,9
2015-12-31,0.1674659997224807,0.1127149984240531,0.0976760014891624,0.0566940009593963,0.1560180038213729,0.2549169957637787,0.1211839988827705,0.0047720000147819,0.028558999300003,-0.980649,1.626887,-0.070271,21.684981,0.357699,0.002752,0.002226,0.637322,1.111124,3.151675,iq1,8
2016-01-29,0.1689929962158203,0.1143779978156089,0.0986939966678619,0.0578749999403953,0.156577005982399,0.255400002002716,0.1209499984979629,0.0033909999765455,0.0237440001219511,-1.339334,1.634119,-0.07412,21.754532,0.416311,0.00183,0.001579,0.580279,1.137324,2.888809,iq1,9
2016-02-29,0.1693170070648193,0.11421699821949,0.0992579981684684,0.057702999562025,0.1564619988203048,0.2550840079784393,0.1210979968309402,0.0029879999347031,0.0238729994744062,-1.081016,1.63418,-0.074087,21.90429,0.404593,0.001673,0.001539,0.592195,1.124677,3.110877,iq1,9
2016-03-31,0.1706530004739761,0.1159109994769096,0.0995279997587204,0.0577679984271526,0.1565950065851211,0.2539680004119873,0.1216429993510246,0.0024759999942034,0.0214569997042417,-0.888716,1.638231,-0.07529,21.991603,0.459668,0.001367,0.001299,0.537666,1.144953,2.799725,iq1,9
2016-04-29,0.1709779947996139,0.1153680011630058,0.1006209999322891,0.0584199987351894,0.156138002872467,0.2531479895114898,0.1210319995880127,0.0026259999722242,0.0216690003871917,-0.858411,1.633741,-0.073196,21.734552,0.38698,0.001369,0.001334,0.610317,1.117699,2.711346,iq1,7
2016-05-31,0.1716820001602172,0.115105003118515,0.1009730026125907,0.0594119988381862,0.154680997133255,0.2526839971542358,0.1208539977669715,0.0027270000427961,0.0218829996883869,-0.866919,1.628892,-0.065465,21.929467,0.455056,0.001534,0.001463,0.541947,1.128436,2.769608,iq1,6
2016-06-30,0.1722649931907653,0.1152200028300285,0.1010179966688156,0.0595699995756149,0.1550139933824539,0.2522729933261871,0.1203000023961067,0.0027540000155568,0.021586000919342,-0.822857,1.624123,-0.054726,22.289226,0.425325,0.001527,0.001496,0.571652,1.140416,2.702771,iq1,9
2016-07-29,0.1728869974613189,0.1145360022783279,0.101510003209114,0.0596119984984397,0.1546709984540939,0.2525109946727752,0.1200029999017715,0.0027530000079423,0.0215169992297887,-0.745075,1.623215,-0.056173,22.23724,0.448697,0.001445,0.001444,0.548414,1.137963,2.599586,iq1,7
2016-08-31,0.1739290058612823,0.1138380020856857,0.1016070023179054,0.0595449991524219,0.1554830074310302,0.2509270012378692,0.1199550032615661,0.0028119999915361,0.0219030007719993,-0.782692,1.620746,-0.056467,22.204967,0.458291,0.001411,0.001454,0.538845,1.149953,2.598663,iq1,7
2016-09-30,0.1747799962759018,0.1132199987769126,0.1020829975605011,0.0597909986972808,0.1552309989929199,0.2506220042705536,0.1193969994783401,0.0028729999903589,0.0220030006021261,-0.726565,1.617283,-0.044295,22.375555,0.37023,0.001306,0.001392,0.627072,1.100074,2.625623,iq1,8
2016-10-31,0.1750500053167343,0.1127329990267753,0.1021239981055259,0.0604059994220733,0.1554879993200302,0.25034299492836,0.119267001748085,0.0028500000480562,0.021739000454545,-0.478265,1.615716,-0.042943,22.368558,0.394892,0.001275,0.001382,0.602451,1.09804,3.019087,iq1,7
2016-11-30,0.174916997551918,0.1124980002641677,0.1023479998111724,0.060479998588562,0.1556770056486129,0.2505640089511871,0.1193599998950958,0.0027940000873059,0.0213639996945858,-0.532801,1.613884,-0.043529,22.328904,0.4497,0.001312,0.001422,0.547566,1.119683,2.887223,iq1,5
2016-12-30,0.1750040054321289,0.1130670011043548,0.1025739982724189,0.0601000003516674,0.1560200005769729,0.2498680055141449,0.1189550012350082,0.0028520000632852,0.021561000496149,-0.137471,1.613078,-0.039052,22.366456,0.487262,0.001279,0.001365,0.510095,1.144157,3.477264,iq1,5
2017-01-31,0.1753920018672943,0.1127680018544197,0.1024819985032081,0.0598899982869625,0.1554789990186691,0.2500619888305664,0.1196290031075477,0.0027850000187754,0.0215140003710985,-0.297561,1.611796,-0.03963,22.340784,0.480161,0.001245,0.001365,0.51723,1.13951,3.914444,iq1,8
2017-02-28,0.1748420000076294,0.1130219995975494,0.1027169972658157,0.0601539984345436,0.1548340022563934,0.2505809962749481,0.1193429976701736,0.0028830000665038,0.0216230005025863,-0.280955,1.607755,-0.050913,22.175975,0.384146,0.001207,0.001336,0.613311,1.110396,3.878065,iq1,8
2017-03-31,0.1751019954681396,0.1131540015339851,0.1028669998049736,0.0595070011913776,0.1542180031538009,0.2527109980583191,0.1194619983434677,0.0028289998881518,0.0201500002294778,-0.312824,1.607502,-0.06459,21.921487,0.410851,0.001128,0.001235,0.586787,1.127836,3.883669,iq1,8
2017-04-28,0.1757940053939819,0.1123420000076294,0.1047300025820732,0.0600050017237663,0.1534599959850311,0.2519679963588714,0.1188720017671585,0.002686999971047,0.0201440006494522,-0.32794,1.606366,-0.061553,22.125182,0.40323,0.001073,0.001193,0.594504,1.1369,3.920022,iq1,7
2017-05-31,0.1758890002965927,0.1124370023608207,0.1048730015754699,0.0597370006144046,0.1532749980688095,0.2523329854011535,0.1191060021519661,0.0025549998972564,0.0197960007935762,-0.170758,1.606068,-0.049446,22.364514,0.448552,0.001028,0.001164,0.549255,1.172904,4.140212,iq1,6
2017-06-30,0.1754290014505386,0.1113670021295547,0.1049010008573532,0.0599899999797344,0.1537120044231414,0.2529610097408294,0.1190119981765747,0.0025140000507235,0.0201130006462335,-0.268439,1.604367,-0.033772,22.479531,0.471067,0.001011,0.001159,0.526763,1.181018,4.317917,iq1,7
2017-07-31,0.1754059940576553,0.1099829971790313,0.104542002081871,0.062339998781681,0.1533879935741424,0.2528649866580963,0.1190430000424385,0.0024329998996108,0.0200009997934103,-0.227324,1.601983,-0.020848,22.526001,0.472458,0.001006,0.001139,0.525397,1.181458,4.278378,iq1,6
2017-08-31,0.1754309982061386,0.1099649965763092,0.103813998401165,0.0620119981467723,0.1532270014286041,0.2541489899158478,0.1192609965801239,0.0022070000413805,0.0199340004473924,-0.202692,1.60184,-0.018117,22.534863,0.433358,0.000937,0.001085,0.56462,1.168397,4.321745,iq1,8
2017-09-29,0.1760140061378479,0.1092879995703697,0.1033810004591941,0.0617650002241134,0.1532460004091262,0.2539950013160705,0.1200420036911964,0.0021120000164955,0.0201590005308389,-0.19734,1.601004,-0.029166,22.504626,0.464676,0.000897,0.001029,0.533398,1.1756,4.306023,iq1,9
2017-10-31,0.1761119961738586,0.1086530014872551,0.1034649983048439,0.0619269981980323,0.1539289951324463,0.2530460059642792,0.1203679963946342,0.0021029999479651,0.0203959997743368,-0.215961,1.600658,-0.030021,22.494534,0.480895,0.00088,0.000992,0.517233,1.167337,4.325114,iq1,8
2017-11-30,0.1758390069007873,0.1040680035948753,0.1033229976892471,0.0625919997692108,0.154229998588562,0.2533960044384002,0.1203449964523315,0.0022239999379962,0.023981999605894,-0.208389,1.596231,-0.019471,22.46512,0.477397,0.001044,0.00113,0.520428,1.175097,4.295622,iq1,6
2017-12-29,0.1759719997644424,0.1030900031328201,0.1029620021581649,0.064069002866745,0.1539350003004074,0.2537899911403656,0.1203679963946342,0.0021740000229328,0.0236389990895986,-0.26128,1.594125,0.003589,22.481492,0.456923,0.001003,0.00102,0.541054,1.172809,4.334703,iq1,6
2018-01-31,0.176155999302864,0.1021379977464675,0.1030360013246536,0.0643879994750022,0.1549769937992096,0.2531279921531677,0.1200250014662742,0.0021840000990778,0.0239679999649524,-0.188061,1.593641,0.012235,22.414838,0.490561,0.000968,0.000974,0.507497,1.228815,4.257187,iq1,0
2018-02-28,0.1761109977960586,0.1009590029716491,0.1012739986181259,0.064360998570919,0.1556729972362518,0.2535549998283386,0.1199999973177909,0.0020540000405162,0.0260129999369382,-0.129166,1.591315,0.042993,22.300483,0.437212,0.000934,0.000903,0.560952,1.215505,4.433679,iq1,8
2018-03-30,0.1763059943914413,0.1007419973611831,0.1014799997210502,0.0641489997506141,0.1559520065784454,0.253026008605957,0.119557999074459,0.0019620000384747,0.0268249996006488,0.196028,1.593227,0.043511,22.296644,0.523843,0.000909,0.000837,0.474411,1.303866,6.024579,iq1,8
2018-04-30,0.1763660013675689,0.1010470017790794,0.1008820012211799,0.0642409995198249,0.156141996383667,0.2518990039825439,0.1200029999017715,0.0021319999359548,0.0272889994084835,0.028096,1.59254,0.045461,22.265654,0.526765,0.000912,0.000819,0.471503,1.293602,6.473897,iq1,5
2018-05-31,0.1762160062789917,0.1013370007276535,0.1006660014390945,0.0643929988145828,0.1561879962682724,0.250896006822586,0.1203280016779899,0.0021710000000894,0.0278040003031492,-0.027736,1.590455,0.064638,21.782066,0.520407,0.000916,0.000817,0.47786,1.317465,6.610499,iq1,8
2018-06-29,0.1765470057725906,0.1011599972844123,0.1010190024971962,0.0637440010905265,0.1567389965057373,0.2499379962682724,0.1201440021395683,0.0022360000293701,0.0284729991108179,-0.07344,1.589255,0.075357,20.877131,0.52552,0.000923,0.000822,0.472735,1.317325,6.651827,iq1,10
2018-07-31,0.1761700063943863,0.1013009995222091,0.1008960008621215,0.0635050013661384,0.156700998544693,0.2504880130290985,0.1203899979591369,0.0022630000021308,0.0282840002328157,-0.135555,1.588738,0.079181,20.650581,0.519807,0.000902,0.000802,0.478489,1.302568,6.74173,iq1,9
2018-08-31,0.1762109994888305,0.1013950034976005,0.1012070029973983,0.0638220012187957,0.156820997595787,0.2497249990701675,0.1201379969716072,0.0024119999725371,0.0282690003514289,-0.1673,1.588352,0.078486,21.368585,0.50994,0.000863,0.000772,0.488424,1.292607,6.782548,iq1,6
2018-09-28,0.1759839951992035,0.1008220016956329,0.1010230034589767,0.0642570033669471,0.1571049988269806,0.2497179955244064,0.1196620017290115,0.0024200000334531,0.0290099997073411,-0.131414,1.586429,0.076382,21.892091,0.535757,0.000911,0.000807,0.462524,1.338817,6.892835,iq1,4
2018-10-31,0.1752119958400726,0.1006970033049583,0.100893996655941,0.0635960027575492,0.1572549939155578,0.2495709955692291,0.1207249984145164,0.0024920001160353,0.0295570008456707,-0.221249,1.58626,0.073224,22.190569,0.548092,0.000843,0.000753,0.450312,1.311033,6.627378,iq1,8
2018-11-30,0.175037994980812,0.1005719974637031,0.1009889990091323,0.0638749971985817,0.1567070037126541,0.2499769926071167,0.1199840009212493,0.003258999902755,0.0295989997684955,-0.347874,1.580361,0.068411,22.273885,0.505836,0.000949,0.000841,0.492374,1.299149,7.064592,iq1,10
2018-12-31,0.1740369945764541,0.1000579968094825,0.1011850014328956,0.0645980015397071,0.1565369963645935,0.2501119971275329,0.119557999074459,0.0041660000570118,0.0297490004450082,-0.540148,1.575179,0.064135,22.294529,0.492293,0.001058,0.000934,0.505715,1.30158,6.794646,iq1,10
2019-01-31,0.1739190071821212,0.1001330018043518,0.1011530011892318,0.0653489977121353,0.1555040031671524,0.2500680088996887,0.1183229982852935,0.0052180001512169,0.030333999544382,-0.429426,1.571762,0.064342,22.243359,0.509414,0.001101,0.000952,0.488533,1.283151,6.567356,iq1,9
2019-02-28,0.1730750054121017,0.0997970029711723,0.1015290021896362,0.0656270012259483,0.1547269970178604,0.2501490116119385,0.1176239997148513,0.0068819997832179,0.0305909998714923,-0.429065,1.566735,0.065264,22.116912,0.484377,0.001193,0.001013,0.513417,1.258449,6.535391,iq1,9
2019-03-29,0.170522004365921,0.1000699996948242,0.1006369963288307,0.0659620016813278,0.1546420007944107,0.2467180043458938,0.1166390031576156,0.0132780000567436,0.0315329991281032,-0.436821,1.557932,0.059943,22.071214,0.507566,0.00152,0.001234,0.489679,1.272092,6.525568,iq1,9
2019-04-30,0.1704069972038269,0.0998879969120025,0.1004009991884231,0.066609002649784,0.1546179950237274,0.2457010000944137,0.1165079995989799,0.0134140001609921,0.0324530005455017,-0.472417,1.557806,0.056126,22.099394,0.523762,0.001522,0.001222,0.473494,1.290614,6.60463,iq1,10
2019-05-31,0.1692609935998916,0.0998950004577636,0.1000009998679161,0.067061997950077,0.1542630046606063,0.2450879961252212,0.1165300011634826,0.0146009996533393,0.0333000011742115,-0.587988,1.555673,0.062553,21.946657,0.498487,0.001461,0.001191,0.498862,1.251379,6.363803,iq1,9
2019-06-28,0.1593910008668899,0.097239002585411,0.1091590002179145,0.0683590024709701,0.1548140048980713,0.2441670000553131,0.1168930009007453,0.0156190004199743,0.0343590006232261,-0.534689,1.343038,-0.048652,16.202147,0.290739,0.036226,0.013842,0.659193,1.157172,6.101857,iq1,7
2019-07-31,0.158511996269226,0.0981009975075721,0.1097299978137016,0.0680010020732879,0.1538439989089965,0.2442419975996017,0.1166620030999183,0.01613499969244,0.0347720012068748,-0.548391,1.350526,0.019724,16.612482,0.379938,0.013527,0.005549,0.600986,1.167203,6.152172,iq1,8
2019-08-30,0.1574189960956573,0.0973559990525245,0.1101590022444725,0.0685319975018501,0.1534299999475479,0.2450920045375824,0.1165729984641075,0.0164080001413822,0.0350299999117851,-0.59277,1.35177,0.0902,10.222505,0.38765,0.008551,0.00348,0.600319,1.171728,6.088609,iq1,9
2019-09-30,0.1566710025072097,0.0971509963274002,0.1098449975252151,0.0699469968676567,0.1550859957933426,0.2395910024642944,0.1182229965925216,0.0169360004365444,0.0365489982068538,-0.490251,1.347719,0.09431,8.209345,0.60147,0.006992,0.002742,0.388796,1.270405,6.340847,iq1,0
2019-10-31,0.1562090069055557,0.0875350013375282,0.1103859990835189,0.0699480026960372,0.1547670066356659,0.2390539944171905,0.1173959970474243,0.0169210005551576,0.047784000635147,-0.523926,1.358311,0.09664,6.900855,0.484991,0.006647,0.00289,0.505472,1.196646,6.182364,iq1,9
2019-11-29,0.1555709987878799,0.0853959992527961,0.1104070022702217,0.0704459995031356,0.1547279953956604,0.238208994269371,0.1176640018820762,0.0170440003275871,0.050535000860691,-0.467463,1.359899,0.096805,13.158058,0.425884,0.00548,0.002423,0.566213,1.216427,6.263144,iq1,9
2019-12-31,0.1547580063343048,0.0852579995989799,0.1099819988012313,0.0698570013046264,0.1554819941520691,0.23887400329113,0.1174329966306686,0.0172390006482601,0.0511169992387294,-0.487665,1.359738,0.098424,10.196945,0.485861,0.004451,0.00181,0.507878,1.238826,6.335805,iq1,9
2020-01-31,0.1546189934015274,0.0836160033941268,0.1090200021862983,0.0693520009517669,0.155347004532814,0.2409590035676956,0.1136419996619224,0.0183460004627704,0.0550980009138584,-0.391702,1.361542,0.098884,9.051746,0.385656,0.003484,0.001399,0.609461,1.200257,6.41977,iq1,8
2020-02-28,0.1546639949083328,0.0836590006947517,0.1090279966592788,0.0694589987397193,0.1556349992752075,0.2404929995536804,0.1137230023741722,0.0186560004949569,0.0546829998493194,-0.481795,1.359787,0.099107,7.950083,0.497401,0.003013,0.001169,0.498418,1.257158,6.322314,iq1,8
2020-03-31,0.1539719998836517,0.0838169977068901,0.1086769998073577,0.069641001522541,0.1558479964733123,0.2394700050354004,0.1108239963650703,0.0188960004597902,0.0588539987802505,-1.056039,1.360006,0.099104,8.082385,0.531242,0.002828,0.001093,0.464836,1.155511,4.666852,iq1,10
2020-04-30,0.1537500023841858,0.0839729979634285,0.1083770021796226,0.0698309987783432,0.1559509932994842,0.2352779954671859,0.1106830015778541,0.0186819992959499,0.0634749978780746,-0.642445,1.360848,0.09903,8.790258,0.580413,0.002939,0.001149,0.415499,1.257501,4.875119,iq1,2
2020-05-29,0.1517660021781921,0.0828519985079765,0.1084199994802475,0.0706970021128654,0.1560720056295395,0.2351910024881363,0.1108260005712509,0.0205249991267919,0.0636510029435157,-0.542971,1.365594,0.098815,12.689868,0.424719,0.003221,0.001319,0.570741,1.196985,4.740916,iq1,9
2020-06-30,0.151638001203537,0.0823130011558532,0.1086819991469383,0.0717879980802536,0.156139001250267,0.2348529994487762,0.1101619973778724,0.0202060006558895,0.0642189979553222,-0.247988,1.367427,0.098925,13.536503,0.397726,0.003017,0.001243,0.598014,1.195143,5.163037,iq1,8
2020-07-31,0.1511580049991607,0.0820560008287429,0.1091289967298507,0.0721260011196136,0.1563829928636551,0.2329750061035156,0.1063940003514289,0.0252849999815225,0.0644939988851547,-0.257703,1.368486,0.098876,15.267325,0.528374,0.003144,0.001311,0.46717,1.269331,5.356956,iq1,8
2020-08-31,0.1516100019216537,0.0822139978408813,0.1104070022702217,0.0739250034093856,0.1571339964866638,0.2248820066452026,0.1055679991841316,0.0275779999792575,0.0666799992322921,-0.099531,1.370552,0.098606,15.905443,0.547465,0.003123,0.001324,0.448088,1.301925,5.460775,iq1,0
2020-09-30,0.1515569984912872,0.0823799967765808,0.1093370020389556,0.0737050026655197,0.1572100073099136,0.2260079979896545,0.1055760011076927,0.0276389997452497,0.0665889978408813,0.040292,1.374359,0.098615,16.40826,0.552691,0.003405,0.001501,0.442403,1.288353,5.820256,iq1,8
2020-10-30,0.151087999343872,0.0816949978470802,0.1085690036416053,0.0737330019474029,0.1587720066308975,0.2251040041446685,0.1048950031399726,0.0275369994342327,0.0686070024967193,-0.048246,1.375934,0.098197,16.653553,0.551469,0.003664,0.001643,0.443223,1.295118,5.934065,iq1,0
2020-11-30,0.1495430022478103,0.0818739980459213,0.1082319989800453,0.0737550035119056,0.1587820053100586,0.2248439937829971,0.1044140011072158,0.0273490007966756,0.0712070018053054,0.003868,1.375907,0.098475,18.371676,0.447587,0.00297,0.001377,0.548065,1.226091,5.55491,iq1,9
2020-12-31,0.1480900049209594,0.0811899974942207,0.1083730012178421,0.0740740001201629,0.1600289940834045,0.2242520004510879,0.1047350019216537,0.0271329991519451,0.072122998535633,0.162533,1.374291,0.098205,18.639208,0.522873,0.002755,0.001264,0.473109,1.286067,5.630569,iq1,0
2021-01-29,0.1442140042781829,0.0827189981937408,0.1089619994163513,0.0760990008711814,0.1596859991550445,0.2169660031795501,0.1048090010881424,0.02844800055027,0.0780979990959167,0.029937,1.375349,0.098121,19.032941,0.522092,0.002823,0.001319,0.473766,1.297016,5.867578,iq1,0
2021-02-26,0.1438390016555786,0.0832289978861808,0.1087429970502853,0.0761319994926452,0.1594569981098175,0.2159020006656646,0.1045899987220764,0.0296059995889663,0.0785019993782043,0.132797,1.380087,0.097966,19.495396,0.491011,0.002923,0.001466,0.5046,1.271722,5.860281,iq1,5
2021-03-31,0.1431789994239807,0.083074003458023,0.108924001455307,0.0767799988389015,0.1586640030145645,0.2157869935035705,0.1038519963622093,0.0314330011606216,0.078305996954441,0.125498,1.381237,0.097753,20.094755,0.506279,0.002711,0.001419,0.489591,1.285932,5.902665,iq1,4
2021-04-30,0.1424610018730163,0.0832360014319419,0.1089129969477653,0.0762220025062561,0.1587630063295364,0.2157589942216873,0.1035789996385574,0.0328660011291503,0.0782010033726692,0.198114,1.383018,0.097468,20.272276,0.489022,0.002532,0.001411,0.507035,1.264808,5.775504,iq1,5
2021-05-31,0.1427890062332153,0.0833849981427192,0.1082749962806701,0.0763730034232139,0.1584910005331039,0.215158000588417,0.1036500036716461,0.0329479984939098,0.0789309963583946,0.291503,1.382629,0.097257,20.66899,0.511835,0.00241,0.001347,0.484409,1.271625,5.761957,iq1,6
2021-06-30,0.1412959992885589,0.0833280012011528,0.1059560030698776,0.0763970017433166,0.1585900038480758,0.2150540053844452,0.1039670035243034,0.0364260002970695,0.0789880007505416,0.237215,1.383822,0.097033,20.647764,0.526942,0.002495,0.001427,0.469136,1.287585,5.859484,iq1,2
2021-07-30,0.1419229954481125,0.0834740027785301,0.1060440018773078,0.0709260031580925,0.1585440039634704,0.2150399982929229,0.1052320003509521,0.0396879985928535,0.0791290029883384,0.190728,1.383965,0.096388,21.262171,0.456913,0.002119,0.001228,0.53974,1.267821,5.86892,iq1,5
2021-08-31,0.1404220014810562,0.0833989977836608,0.1057899966835975,0.0705259963870048,0.1586769968271255,0.2165579944849014,0.1052030026912689,0.0399570018053054,0.0794669985771179,0.274717,1.384169,0.096244,21.408887,0.499064,0.001991,0.001155,0.497789,1.288267,5.899504,iq1,2
2021-09-30,0.1384669989347458,0.0844009965658187,0.1062130033969879,0.072002001106739,0.157147005200386,0.2094340026378631,0.1083360016345977,0.0422430001199245,0.0817560032010078,0.315875,1.383628,0.095524,21.449163,0.483136,0.001817,0.00105,0.513996,1.288142,5.953163,iq1,0
2021-10-29,0.1374679952859878,0.0838280022144317,0.1063690036535263,0.0712670013308525,0.1569470018148422,0.2085720002651214,0.1088450029492378,0.0445379987359046,0.0821669995784759,0.441189,1.388331,0.09442,21.513777,0.449469,0.002036,0.001226,0.547269,1.249101,5.824317,iq1,3
2021-11-30,0.13699699938297272,0.08413799852132797,0.10660000145435333,0.07137700170278549,0.1561489999294281,0.20776300132274628,0.10893700271844864,0.04484499990940094,0.08319500088691711,0.224991,1.389556,0.094753,21.295347,0.461954,0.002094,0.001246,0.534706,1.271389,6.197194,iq1,5
