Date,SPX,RTY,MXEA,MXEF,LBUSTRUU,LF98TRUU,FNERTR,SPGSCI,XAU,row_exists,memory
2001-12-31,0.0,0.0,0.0,0.0,0.0,0.0,0.0,0.0,0.0,0,0
2002-01-31,0.0,0.0,0.0,0.0,0.0,0.0,0.0,0.0,0.0,0,0
2002-02-28,0.0,0.0,0.0,0.0,0.0,0.0,0.0,0.0,0.0,0,0
2002-03-29,0.0,0.0,0.0,0.0,0.0,0.0,0.0,0.0,0.0,0,0
2002-04-30,0.0,0.0,0.0,0.0,0.0,0.0,0.0,0.0,0.0,0,0
2002-05-31,0.0,0.0,0.0,0.0,0.0,0.0,0.0,0.0,0.0,0,0
2002-06-28,0.0,0.0,0.0,0.0,0.0,0.0,0.0,0.0,0.0,0,0
2002-07-31,0.108798,0.149174,0.061331,0.147961,0.095381,0.10805,0.105683,0.119537,0.104085,1,1
2002-08-30,0.0535099990665912,0.1646170020103454,0.021263999864459,0.1842990070581436,0.0665270015597343,0.0589860007166862,0.2429209947586059,0.1348509937524795,0.073023997247219,1,2
2002-09-30,0.0206790007650852,0.0335189998149871,0.0096519999206066,0.0663660019636154,0.4029060006141662,0.0273579992353916,0.2815249860286712,0.1132719963788986,0.0447219982743263,1,3
2002-10-31,0.0051750000566244,0.0179929994046688,0.0029259999282658,0.0321919992566108,0.5438460111618042,0.0072349999099969,0.2283069938421249,0.1181079968810081,0.0442180000245571,1,4
2002-11-29,0.0041129998862743,0.021136000752449,0.0024429999757558,0.0357349999248981,0.5379629731178284,0.0074840001761913,0.1970899999141693,0.1351770013570785,0.0588579997420311,1,5
2002-12-31,0.005030000116676,0.0244839992374181,0.00268099992536,0.0524530000984668,0.5144559741020203,0.0081489998847246,0.1633200049400329,0.1307770013809204,0.0986490026116371,1,6
2003-01-31,0.0045549999922513,0.0225530005991458,0.002506999997422,0.0505319982767105,0.5204740166664124,0.0076600001193583,0.169514998793602,0.1274880021810531,0.0947140008211135,1,7
2003-02-28,0.0026080000679939,0.0203590001910924,0.0015069999499246,0.042808998376131,0.5490790009498596,0.0088659999892115,0.1812179982662201,0.1271879971027374,0.0663670003414154,1,8
2003-03-31,0.0032999999821186,0.0264059994369745,0.0016990000149235,0.0559329986572265,0.5322390198707581,0.0129460003226995,0.2102739959955215,0.0758609995245933,0.0813419967889785,1,9
2003-04-30,0.0026479999069124,0.0365110002458095,0.0016469999682158,0.0361480005085468,0.5327600240707397,0.0418719984591007,0.2034929990768432,0.0662019997835159,0.0787179991602897,1,10
2003-05-30,0.0002030000032391,0.0063809999264776,0.0001889999984996,0.0054370001889765,0.5571060180664062,0.056267999112606,0.1882479935884475,0.0842360034584999,0.1019330024719238,1,11
2003-06-30,0.0002200000017182,0.0068279998376965,0.0001999999949475,0.00583800021559,0.5346739888191223,0.0570180006325244,0.2074330002069473,0.0847700014710426,0.1030189990997314,1,12
2003-07-31,0.0003450000076554,0.0099619999527931,0.000307000009343,0.0079739997163414,0.5183230042457581,0.1140009984374046,0.2121610045433044,0.0692379996180534,0.0676880031824112,1,13
2003-08-29,0.0002180000010412,0.0075409999117255,0.0001760000013746,0.0063970000483095,0.5513880252838135,0.0836189985275268,0.2026910036802292,0.0592029988765716,0.0887669995427131,1,14
2003-09-30,0.0002720000047702,0.0082539999857544,0.0001889999984996,0.0074419998563826,0.5091220140457153,0.0880559980869293,0.2211309969425201,0.0577189996838569,0.107814997434616,1,15
2003-10-31,0.0008050000178627,0.0215639993548393,0.0004450000124052,0.0192830003798007,0.4931890070438385,0.0665120035409927,0.2345470041036605,0.0663539990782737,0.097301997244358,1,16
2003-11-28,0.0008900000248104,0.0234350003302097,0.0004860000044573,0.0211389996111392,0.4826749861240387,0.0684449970722198,0.2440589964389801,0.0625680014491081,0.0963030010461807,1,17
2003-12-31,0.0004020000051241,0.011303000152111,0.0001959999935934,0.007426000200212,0.546580970287323,0.070712000131607,0.1911749988794326,0.0651599988341331,0.1070450022816658,1,18
2004-01-30,0.000467000005301,0.0110839996486902,0.0002720000047702,0.0072130002081394,0.5141310095787048,0.1287389993667602,0.1869249939918518,0.0760819986462593,0.0750859975814819,1,19
2004-02-27,0.0008290000259876,0.0127710001543164,0.0003990000113844,0.0119510004296898,0.5062779784202576,0.126350000500679,0.2050800025463104,0.0749389976263046,0.0614029988646507,1,20
2004-03-31,0.0006239999784156,0.0086460001766681,0.0002329999988432,0.0090819997712969,0.5287759900093079,0.1155380010604858,0.171776995062828,0.0417089983820915,0.1236149966716766,1,21
2004-04-30,0.0011559999547898,0.0129030002281069,0.0004889999981969,0.0154759995639324,0.4487090110778808,0.1806980073451995,0.1622660011053085,0.0645330026745796,0.1137700006365776,1,22
2004-05-31,0.001209000009112,0.0160409994423389,0.0004970000009052,0.0161920003592968,0.447719007730484,0.1836300045251846,0.1632959991693496,0.0582000017166137,0.1132149994373321,1,23
2004-06-30,0.0010849999962374,0.0162380002439022,0.0004419999895617,0.0149609996005892,0.4484539926052093,0.1620460003614425,0.1824139952659607,0.0506500005722045,0.123709000647068,1,24
2004-07-30,0.0021879998967051,0.0347709991037845,0.0010629999451339,0.0238439999520778,0.4070830047130584,0.1419599950313568,0.2170339971780777,0.0560140013694763,0.1160420030355453,1,1
2004-08-31,0.0018279999494552,0.0321319997310638,0.0009679999784566,0.0221270006150007,0.4351310133934021,0.1442559957504272,0.2106200009584427,0.0530969984829425,0.0998409986495971,1,2
2004-09-30,0.00023799999326,0.005830000154674,0.0001239999983226,0.0062660002149641,0.5073149800300598,0.1211080029606819,0.2092469930648803,0.0557430014014244,0.0941290035843849,1,3
2004-10-29,0.0015409999759867,0.0109540000557899,0.0006280000088736,0.0386560000479221,0.4879089891910553,0.1116819977760315,0.1845130026340484,0.014992999844253,0.1491239964962005,1,4
2004-11-30,0.0037239999510347,0.0230930000543594,0.0019170000450685,0.0561279989778995,0.4506970047950744,0.148714005947113,0.1962890028953552,0.0290190000087022,0.0904190018773078,1,5
2004-12-31,0.0051549999043345,0.0386199988424778,0.0039249998517334,0.0783329978585243,0.4322459995746612,0.1391070038080215,0.200650006532669,0.0181850008666515,0.0837789997458458,1,6
2005-01-31,0.0086019998416304,0.0308219995349645,0.0131620001047849,0.0730440020561218,0.4409259855747223,0.1477569937705993,0.1869270056486129,0.0098400004208087,0.088919997215271,1,7
2005-02-28,0.0083550000563263,0.0335050001740455,0.0144339995458722,0.0631140023469924,0.4514749944210052,0.1692740023136139,0.1275389939546585,0.0411229990422725,0.0911799967288971,1,8
2005-03-31,0.0084680002182722,0.0298260003328323,0.0265399999916553,0.0539789982140064,0.4413119852542877,0.1589169949293136,0.1359110027551651,0.0412900000810623,0.1037579998373985,1,9
2005-04-29,0.0085370000451803,0.0303520001471042,0.0273349992930889,0.0554560013115406,0.4280349910259247,0.1602630019187927,0.1392930001020431,0.0412309989333152,0.1094970032572746,1,10
2005-05-31,0.0152869997546076,0.0395999997854232,0.0310350004583597,0.0684759989380836,0.4319609999656677,0.1530410051345825,0.1341820061206817,0.0292920004576444,0.0971259996294975,1,11
2005-06-30,0.0175260007381439,0.0374399982392787,0.0355009995400905,0.087857000529766,0.3837989866733551,0.1727810055017471,0.1418920010328292,0.0345249995589256,0.0886790007352829,1,12
2005-07-29,0.01991399936378,0.0387610010802745,0.0431689992547035,0.0929069966077804,0.3827970027923584,0.1630389988422393,0.1281940042972564,0.0530290007591247,0.0781899988651275,1,13
2005-08-31,0.0239550005644559,0.0398619994521141,0.0483269989490509,0.1044429987668991,0.3951509892940521,0.1439879983663559,0.1258800029754638,0.0532899983227252,0.0651040002703666,1,14
2005-09-30,0.0393569990992546,0.0412410013377666,0.0437109991908073,0.1034979969263076,0.3707579970359802,0.1440290063619613,0.1266269981861114,0.0502119995653629,0.0805659964680671,1,15
2005-10-31,0.0342749990522861,0.0469049997627735,0.0417600013315677,0.130730003118515,0.2944410145282745,0.1909109950065612,0.0963720008730888,0.0793770030140876,0.0852290019392967,1,16
2005-11-30,0.0308919996023178,0.0450510010123252,0.0373580008745193,0.1260930001735687,0.3265990018844604,0.1948679983615875,0.0962520018219947,0.0611060000956058,0.0817809998989105,1,17
2005-12-30,0.0267939995974302,0.021578000858426,0.0434480011463165,0.0997240021824836,0.3596090078353882,0.1853879988193512,0.1471360027790069,0.0291740000247955,0.0871500000357627,1,18
2006-01-31,0.0188389997929334,0.0183189995586872,0.0462969988584518,0.0758540034294128,0.3594749867916107,0.1738130003213882,0.123089000582695,0.0687979981303215,0.1155140027403831,1,19
2006-02-28,0.0157089997082948,0.0194729994982481,0.0469750016927719,0.0732140019536018,0.3623780012130737,0.1771409958600998,0.1288380026817321,0.0688119977712631,0.1074609979987144,1,20
2006-03-31,0.0099680004641413,0.0217749997973442,0.0368239991366863,0.0683080032467842,0.4216020107269287,0.1629009991884231,0.1143700033426284,0.0726440027356147,0.0916090011596679,1,21
2006-04-28,0.0158380009233951,0.028906999155879,0.0517649985849857,0.0786430016160011,0.3810000121593475,0.1826110035181045,0.1219400018453598,0.0581439994275569,0.0811510011553764,1,22
2006-05-31,0.0248169992119073,0.0285509992390871,0.0511449985206127,0.0660030022263526,0.3889079988002777,0.2070840001106262,0.1103700026869773,0.0382700003683567,0.0848530009388923,1,23
2006-06-30,0.0278619993478059,0.0314470008015632,0.0530820004642009,0.0693729966878891,0.2913880050182342,0.2370049953460693,0.0842029973864555,0.1243520006537437,0.081286996603012,1,24
2006-07-31,0.0565549992024898,0.0441970005631446,0.0971710011363029,0.0794050022959709,0.2471169978380203,0.2443799972534179,0.0976139977574348,0.0543700009584426,0.0791890025138855,1,1
2006-08-31,0.0690699964761734,0.0587669983506202,0.1060530021786689,0.0839049965143203,0.2279469966888427,0.2321799993515014,0.0956330001354217,0.0472850017249584,0.0791610032320022,1,2
2006-09-29,0.070370003581047,0.0669479966163635,0.1288290023803711,0.0908749997615814,0.1472499966621399,0.2861639857292175,0.1032710000872612,0.0336240008473396,0.0726699978113174,1,3
2006-10-31,0.088748998939991,0.0610579997301101,0.1292420029640197,0.0926750004291534,0.151539996266365,0.2889010012149811,0.098190002143383,0.033975999802351,0.0556700006127357,1,4
2006-11-30,0.093530997633934,0.0626159980893135,0.1262869983911514,0.0867630019783973,0.1475490033626556,0.3148519992828369,0.0888999998569488,0.028210999444127,0.05129199847579,1,5
2006-12-29,0.0854770019650459,0.0484209991991519,0.1056689992547035,0.074862003326416,0.1441369950771331,0.3617739975452423,0.1092080026865005,0.0237850006669759,0.0466669984161853,1,6
2007-01-31,0.1138549968600273,0.0576939992606639,0.1286389976739883,0.0729739964008331,0.1019069999456405,0.3635430037975311,0.0965669974684715,0.026792999356985,0.0380280017852783,1,7
2007-02-28,0.1174300014972686,0.0539489984512329,0.1505080014467239,0.0761979967355728,0.1269599944353103,0.3073920011520386,0.1096990033984184,0.0164749994874,0.0413900017738342,1,8
2007-03-30,0.1404509991407394,0.0627409964799881,0.1678880006074905,0.0850730016827583,0.1098219975829124,0.3126010000705719,0.0619760006666183,0.0207659993320703,0.0386810004711151,1,9
2007-04-30,0.1295489966869354,0.0460250005125999,0.1648100018501281,0.076444000005722,0.1014449968934059,0.3869949877262115,0.0479359999299049,0.0158200003206729,0.0309759993106126,1,10
2007-05-31,0.1331810057163238,0.0490829981863498,0.1663080006837844,0.0798500031232833,0.0980520024895668,0.3661760091781616,0.0445589981973171,0.0285320002585649,0.0342589989304542,1,11
2007-06-29,0.1318230032920837,0.0561020001769065,0.1732610017061233,0.0841220021247863,0.0770770013332367,0.3649269938468933,0.0467270016670227,0.0351549983024597,0.0308069996535778,1,12
2007-07-31,0.1300660073757171,0.0530939996242523,0.1720740050077438,0.0850690007209777,0.0703030005097389,0.3563230037689209,0.0434600003063678,0.0400170013308525,0.0495960004627704,1,13
2007-08-31,0.1273400038480758,0.0531230010092258,0.1767919957637787,0.0932020023465156,0.0700979977846145,0.3309940099716186,0.044608000665903,0.0514950007200241,0.0523470006883144,1,14
2007-09-28,0.1282059997320175,0.0523319989442825,0.1810510009527206,0.1025139987468719,0.0863690003752708,0.269896000623703,0.0704350024461746,0.0370009988546371,0.0721969977021217,1,15
2007-10-31,0.1244769990444183,0.0480419993400573,0.173552006483078,0.0766019970178604,0.0689359977841377,0.3211910128593445,0.0554630011320114,0.0622060000896453,0.069530002772808,1,16
2007-11-30,0.1225259974598884,0.0416910015046596,0.176046997308731,0.0728700011968612,0.0813549980521202,0.3146199882030487,0.054832000285387,0.0716409981250763,0.0644180029630661,1,17
2007-12-31,0.1152009963989257,0.041567001491785,0.1818639934062957,0.103702999651432,0.0830679982900619,0.2736800014972687,0.0486360006034374,0.0542419999837875,0.0980390012264251,1,18
2008-01-31,0.1122409999370575,0.0372060015797615,0.1788730025291443,0.0998580008745193,0.0847610011696815,0.2822169959545135,0.0477260015904903,0.0635529980063438,0.0935650020837783,1,19
2008-02-29,0.104312002658844,0.0358089990913867,0.1653250008821487,0.1017960011959075,0.0824749991297721,0.2832089960575104,0.0447469986975193,0.0802550017833709,0.10207200050354,1,20
2008-03-31,0.0910999998450279,0.0333559997379779,0.1701849997043609,0.1031240001320838,0.0831089988350868,0.2349839955568313,0.0465519987046718,0.0806490033864975,0.156942993402481,1,21
2008-04-30,0.0895859971642494,0.0346009992063045,0.1699489951133728,0.1161670014262199,0.1162019968032836,0.2490050047636032,0.053881000727415,0.0582699999213218,0.1123400032520294,1,22
2008-05-30,0.0866580009460449,0.0368640013039112,0.1707009971141815,0.1061019971966743,0.128382995724678,0.2513180077075958,0.0661759972572326,0.0503720007836818,0.1034250035881996,1,23
2008-06-30,0.0855849981307983,0.0346929989755153,0.169405996799469,0.1137489974498748,0.1145019978284835,0.260587990283966,0.0599029995501041,0.0628919973969459,0.0986820012331008,1,24
2008-07-31,0.0708609968423843,0.0395779982209205,0.1589010059833526,0.1240279972553253,0.1133970022201538,0.2067449986934662,0.049745000898838,0.1046470031142234,0.1320980042219162,1,1
2008-08-29,0.0742160007357597,0.0446569994091987,0.144663006067276,0.1127230003476142,0.1119759976863861,0.2242890000343322,0.0597539991140365,0.0947889983654022,0.1329320073127746,1,2
2008-09-30,0.0532650016248226,0.0430149994790554,0.1257269978523254,0.1104540005326271,0.1106899976730346,0.211570993065834,0.061949998140335,0.1088860034942627,0.1744430065155029,1,3
2008-10-31,0.0505070015788078,0.0457310006022453,0.1332670003175735,0.1160470023751258,0.1107179969549179,0.1596219986677169,0.0608489997684955,0.1298979967832565,0.1933609992265701,1,4
2008-11-28,0.0423809997737407,0.0408440008759498,0.1219440028071403,0.1303289979696273,0.1090840026736259,0.1065440028905868,0.0595020018517971,0.1083329990506172,0.2810389995574951,1,5
2008-12-31,0.0273480005562305,0.0296049993485212,0.0927190035581588,0.140732005238533,0.1409109979867935,0.0647969990968704,0.04713099822402,0.1173230037093162,0.3394339978694916,1,6
2009-01-30,0.0229519996792078,0.0276999995112419,0.0975050032138824,0.1323879957199096,0.133772999048233,0.0647670030593872,0.0450190007686615,0.1078339964151382,0.3680630028247833,1,7
2009-02-27,0.0196969993412494,0.0244600009173154,0.0835290029644966,0.1401059925556183,0.1453849971294403,0.0688899978995323,0.0360619984567165,0.0699940025806427,0.4118770062923431,1,8
2009-03-31,0.0177870001643896,0.0191629994660615,0.0587520003318786,0.1104499995708465,0.2715620100498199,0.0734369978308677,0.0315340012311935,0.0514479987323284,0.3658660054206848,1,9
2009-04-30,0.0255960002541542,0.0301060006022453,0.0713229998946189,0.150285005569458,0.2471590042114257,0.0876789987087249,0.0438940003514289,0.0555320009589195,0.288426011800766,1,10
2009-05-29,0.0191420000046491,0.0229049995541572,0.0650580003857612,0.1297979950904846,0.2555699944496155,0.0963639989495277,0.0350899994373321,0.0420829989016056,0.33399099111557,1,11
2009-06-30,0.0125940004363656,0.012338999658823,0.0512989982962608,0.1410910040140152,0.2503640055656433,0.1071399971842765,0.0184419993311166,0.0561870001256465,0.3505429923534393,1,12
2009-07-31,0.0122640002518892,0.0108669996261596,0.045899000018835,0.1366840004920959,0.2460049986839294,0.1076550036668777,0.0151620004326105,0.0499240010976791,0.3755390048027038,1,13
2009-08-31,0.0146279996261,0.0127050001174211,0.0583099983632564,0.1354140043258667,0.2568359971046448,0.1136989966034889,0.0157939996570348,0.0429820008575916,0.3496310114860534,1,14
2009-09-30,0.0148280002176761,0.0125609999522566,0.0577079989016056,0.1402090042829513,0.2567079961299896,0.1211579963564872,0.0155130000784993,0.0404869988560676,0.340828001499176,1,15
2009-10-30,0.0161499995738267,0.0151469996199011,0.0593990013003349,0.1397999972105026,0.2634029984474182,0.1230050027370452,0.0177490003407001,0.0454129986464977,0.3199340105056762,1,16
2009-11-30,0.0176359992474317,0.014907999895513,0.0547170005738735,0.0778900012373924,0.3079720139503479,0.1520130038261413,0.0181930009275674,0.0484890006482601,0.3081820011138916,1,17
2009-12-31,0.0211839992552995,0.0194589998573064,0.0545380003750324,0.0780199989676475,0.3248850107192993,0.1521120071411132,0.0228879991918802,0.0563150011003017,0.2705970108509063,1,18
2010-01-29,0.0337990000844001,0.0312829986214637,0.0581739991903305,0.0778720006346702,0.3722360134124756,0.1710260063409805,0.0354220010340213,0.0568620003759861,0.1633259952068328,1,19
2010-02-26,0.0416960008442401,0.0359949991106987,0.0558440014719963,0.0604810006916523,0.5127379894256592,0.1603669971227646,0.0348559990525245,0.0366210006177425,0.0614009983837604,1,20
2010-03-31,0.0363040007650852,0.0331519991159439,0.0505370013415813,0.0584620013833045,0.5648459792137146,0.1353729963302612,0.0270569995045661,0.0352430008351802,0.0590270012617111,1,21
2010-04-30,0.0305829998105764,0.0276699997484684,0.0409590005874633,0.0521619990468025,0.5652260184288025,0.1387200057506561,0.024007000029087,0.0373199991881847,0.0833529978990554,1,22
2010-05-31,0.0299440007656812,0.0287170000374317,0.0317719988524913,0.0466150008141994,0.569329023361206,0.1290400028228759,0.0226479992270469,0.0374529995024204,0.1044830009341239,1,23
2010-06-30,0.0114510003477334,0.0109729999676346,0.0165209993720054,0.0482020005583763,0.5629349946975708,0.1471759974956512,0.0095539996400475,0.0440090000629425,0.149177998304367,1,24
2010-07-30,0.0126639995723962,0.0264139994978904,0.0070310002192854,0.0400439985096454,0.5638589859008789,0.1531790047883987,0.0349840000271797,0.0049700001254677,0.1568550020456314,1,1
2010-08-31,0.0155100002884864,0.0259339995682239,0.0094900000840425,0.0447550006210804,0.5775189995765686,0.1609349995851516,0.0206320006400346,0.0028170000296086,0.1424089968204498,1,2
2010-09-30,0.0166759993880987,0.022359000518918,0.0151310004293918,0.0485870018601417,0.5909850001335144,0.1360660046339035,0.0177490003407001,0.0468970015645027,0.1055509969592094,1,3
2010-10-29,0.0128450002521276,0.0174720007926225,0.0123209999874234,0.0431450009346008,0.5964170098304749,0.1423809975385666,0.0141550004482269,0.0476250015199184,0.1136410012841224,1,4
2010-11-30,0.0187860000878572,0.0273310001939535,0.0123150004073977,0.0385739989578723,0.6023889780044556,0.1428239941596985,0.0138480002060532,0.0341730006039142,0.1097609996795654,1,5
2010-12-31,0.0186310000717639,0.0272560007870197,0.0117380004376173,0.0382909998297691,0.5936359763145447,0.1450249999761581,0.0138980001211166,0.033705998212099,0.117818996310234,1,6
2011-01-31,0.0142209995537996,0.0224520005285739,0.0091570001095533,0.0413630008697509,0.5849990248680115,0.1295060068368911,0.0100450003519654,0.0687830001115799,0.1194730028510093,1,7
2011-02-28,0.0111609995365142,0.0225329995155334,0.0072150002233684,0.0404630005359649,0.5812619924545288,0.1316380053758621,0.0095800003036856,0.0698300004005432,0.1263179928064346,1,8
2011-03-31,0.0219500008970499,0.0383739992976188,0.0084790000692009,0.0305690001696348,0.6013020277023315,0.1340160071849823,0.0119679998606443,0.0453200004994869,0.1080219969153404,1,9
2011-04-29,0.0233159996569156,0.0402900017797946,0.0089060002937912,0.0313999988138675,0.5919970273971558,0.1346230059862136,0.0133959995582699,0.0473700016736984,0.108703002333641,1,10
2011-05-31,0.018792999908328,0.0295969992876052,0.0070580001920461,0.0265619996935129,0.6055639982223511,0.1243920028209686,0.0134770004078745,0.07065100222826,0.1039069965481758,1,11
2011-06-30,0.0201399996876716,0.0243170000612735,0.0059870001859962,0.0271719992160797,0.6350430250167847,0.1187580004334449,0.0127839995548129,0.0330080017447471,0.1227909997105598,1,12
2011-07-29,0.021196000277996,0.0257489997893571,0.0065799998119473,0.0288430005311965,0.6144559979438782,0.1253190040588379,0.013659999705851,0.0345159992575645,0.1296799927949905,1,13
2011-08-31,0.02025399915874,0.0248160008341074,0.0092989997938275,0.0349030010402202,0.6030150055885315,0.125560000538826,0.013337000273168,0.0338059999048709,0.1350110024213791,1,14
2011-09-30,0.0179999992251396,0.024915000423789,0.006963999941945,0.0303489994257688,0.5631849765777588,0.1591369956731796,0.0121520003303885,0.036736998707056,0.1485590040683746,1,15
2011-10-31,0.0162279997020959,0.0310139991343021,0.0037310000043362,0.0145039996132254,0.5732380151748657,0.1719239950180053,0.0234859995543956,0.0284620001912117,0.1374139934778213,1,16
2011-11-30,0.0147299999371171,0.028711000457406,0.0032460000365972,0.0129039995372295,0.5914049744606018,0.162552997469902,0.0230519995093345,0.0264640003442764,0.1369349956512451,1,17
2011-12-30,0.0137250004336237,0.0280150007456541,0.0030610000248998,0.0124430004507303,0.5736889839172363,0.1704010069370269,0.0221050009131431,0.0303220003843307,0.1462399959564209,1,18
2012-01-31,0.0272320006042718,0.03150499984622,0.0086770001798868,0.0214499998837709,0.5988510251045227,0.1383229941129684,0.034060999751091,0.0376950018107891,0.1022059991955757,1,19
2012-02-29,0.0256580002605915,0.0274199992418289,0.0078530004248023,0.0187090002000331,0.6041989922523499,0.1470600068569183,0.0300280004739761,0.0327010005712509,0.1063719987869262,1,20
2012-03-30,0.0270889997482299,0.0279549993574619,0.0048739998601377,0.0121449995785951,0.593940019607544,0.1584289968013763,0.0258089993149042,0.0172290001064538,0.132529005408287,1,21
2012-04-30,0.0319949984550476,0.0245980005711317,0.0044220001436769,0.010789000429213,0.5953320264816284,0.1542070060968399,0.0204760003834962,0.0149959996342659,0.1431860029697418,1,22
2012-05-31,0.0574500001966953,0.0521779991686344,0.0071310000494122,0.01269599981606,0.5894719958305359,0.1465519964694976,0.0478410013020038,0.0103270001709461,0.0763539969921112,1,23
2012-06-29,0.0550820007920265,0.0487999990582466,0.0064380001276731,0.0119129996746778,0.5926229953765869,0.1535830050706863,0.0436719991266727,0.0096359997987747,0.0782530009746551,1,24
2012-07-31,0.0573909990489482,0.0437299981713295,0.0044760000891983,0.0106070004403591,0.5917350053787231,0.175597995519638,0.0275519993156194,0.0051609999500215,0.0837500020861625,1,1
2012-08-31,0.0524060018360614,0.0397079996764659,0.0044189998880028,0.0106690004467964,0.6065829992294312,0.1695660054683685,0.0266629997640848,0.0049180001951754,0.0850680023431778,1,2
2012-09-28,0.055927000939846,0.0376829989254474,0.0095969997346401,0.0166989993304014,0.6201339960098267,0.1384129971265792,0.0144849997013807,0.0094649996608495,0.0975970029830932,1,3
2012-10-31,0.0523159988224506,0.028456000611186,0.0201120004057884,0.0267680007964372,0.6395090222358704,0.1475870013236999,0.022206999361515,0.0152460001409053,0.0477980002760887,1,4
2012-11-30,0.0535230003297328,0.0298529993742704,0.02046599984169,0.0282170008867979,0.6104130148887634,0.1667570024728775,0.0230909995734691,0.0169840008020401,0.05069600045681,1,5
2012-12-31,0.0430990010499954,0.0243360009044408,0.0175190009176731,0.0249649994075298,0.611407995223999,0.1912889927625656,0.0190880000591278,0.0202479995787143,0.0480480007827281,1,6
2013-01-31,0.0385940000414848,0.0230069998651742,0.0159699991345405,0.0224229991436004,0.6157209873199463,0.194483995437622,0.0216799993067979,0.0243599992245435,0.0437610000371933,1,7
2013-02-28,0.0605150014162063,0.0338129997253418,0.0236300006508827,0.018767999485135,0.6379460096359253,0.1406719982624054,0.0368579998612403,0.0175349991768598,0.0302629992365837,1,8
2013-03-29,0.0615370012819767,0.036056000739336,0.0214039999991655,0.0187490005046129,0.6330950260162354,0.1518490016460418,0.0323220007121562,0.0179629996418952,0.0270249992609024,1,9
2013-04-30,0.0604269988834857,0.038417998701334,0.0205850005149841,0.0201960001140832,0.6327360272407532,0.150628000497818,0.0324329994618892,0.0198560003191232,0.0247210003435611,1,10
2013-05-31,0.0582709982991218,0.034315999597311,0.0182339996099472,0.0156880002468824,0.6069999933242798,0.1893469989299774,0.041202999651432,0.0136190000921487,0.0223219990730285,1,11
2013-06-28,0.060819000005722,0.0361250005662441,0.0188759993761777,0.0158079992979764,0.585919976234436,0.1972730010747909,0.0483470000326633,0.0140009997412562,0.0228320006281137,1,12
2013-07-31,0.0647149980068206,0.0384050011634826,0.021051000803709,0.012292000465095,0.5549749732017517,0.2146070003509521,0.064528003334999,0.0123429996892809,0.0170840006321668,1,13
2013-08-30,0.0542909987270832,0.0351070016622543,0.0169019997119903,0.0111410003155469,0.5951380133628845,0.2114060074090957,0.0494240000844001,0.0119979996234178,0.0145939998328685,1,14
2013-09-30,0.0596299991011619,0.0460180006921291,0.0117600001394748,0.0074840001761913,0.5863770246505737,0.2075629979372024,0.0602990016341209,0.0087569998577237,0.0121130002662539,1,15
2013-10-31,0.0601060017943382,0.0455470010638237,0.012445000000298,0.007048999890685,0.5836939811706543,0.2128680050373077,0.0583840012550354,0.0088670002296566,0.0110379997640848,1,16
2013-11-29,0.0565989986062049,0.0353499986231327,0.0097460001707077,0.0039389999583363,0.6046019792556763,0.2392340004444122,0.0380290001630783,0.0052709998562932,0.0072300001047551,1,17
2013-12-31,0.0571959987282753,0.0319840013980865,0.0088550001382827,0.0028429999947547,0.6237859725952148,0.2361360043287277,0.0276560001075267,0.0044030002318322,0.007139999885112,1,18
2014-01-31,0.0598400011658668,0.0350349992513656,0.0112469997256994,0.002379999961704,0.6549379825592041,0.1900050044059753,0.0388830006122589,0.0033829999156296,0.0042889998294413,1,19
2014-02-28,0.0567729994654655,0.032660000026226,0.010793000459671,0.0021760000381618,0.6554179787635803,0.1960150003433227,0.0389499999582767,0.0031979999039322,0.0040170000866055,1,20
2014-03-31,0.0602510012686252,0.0345299988985061,0.0221459995955228,0.0049970000982284,0.6207050085067749,0.1987850069999694,0.0425910018384456,0.0075269998051226,0.008466999977827,1,21
2014-04-30,0.0564340017735958,0.037126000970602,0.0186769999563694,0.0044459998607635,0.6377109885215759,0.1988220065832138,0.0328879989683628,0.0055269999429583,0.008368999697268,1,22
2014-05-30,0.0542489998042583,0.0338909998536109,0.017824999988079,0.004137999843806,0.641560971736908,0.2038950026035308,0.0311980005353689,0.0051679997704923,0.0080749997869133,1,23
2014-06-30,0.0686239972710609,0.0328169986605644,0.0174109991639852,0.0045400001108646,0.6476190090179443,0.1919009983539581,0.0246680006384849,0.0073600001633167,0.0050599998794496,1,24
2014-07-31,0.0927739962935447,0.0653999969363212,0.0313359983265399,0.0144050000235438,0.4354240000247955,0.2442239969968795,0.063969001173973,0.0403789989650249,0.0120900003239512,1,1
2014-08-29,0.1074070036411285,0.0577259995043277,0.0398369990289211,0.0172109995037317,0.4345119893550873,0.2445310056209564,0.0615760013461113,0.0239240005612373,0.0132769998162984,1,2
2014-09-30,0.1317770034074783,0.0564440004527568,0.0384810008108615,0.0088560003787279,0.4348010122776031,0.2476589977741241,0.0618130005896091,0.0120989996939897,0.0080700004473328,1,3
2014-10-31,0.1315000057220459,0.0578010007739067,0.0333180017769336,0.0068199997767806,0.4460009932518005,0.2504000067710876,0.0597320012748241,0.0086789997294545,0.0057500000111758,1,4
2014-11-28,0.1319469958543777,0.0586920008063316,0.0334969982504844,0.0066949999891221,0.4457310140132904,0.2525100111961365,0.0600510016083717,0.006006000097841,0.0048710000701248,1,5
2014-12-31,0.1271950006484985,0.0526559986174106,0.0277459993958473,0.0062429998070001,0.4780490100383758,0.2442010045051574,0.0555589981377124,0.0048170001246035,0.0035359999164938,1,6
2015-01-30,0.1128010004758834,0.0558229982852935,0.0269310008734464,0.002775999950245,0.4971640110015869,0.2444020062685012,0.0552879981696605,0.0018370000179857,0.0029770000837743,1,7
2015-02-27,0.1128629967570304,0.0567709989845752,0.0280390009284019,0.004666999913752,0.486050009727478,0.2442519962787628,0.060563001781702,0.002339000115171,0.0044550001621246,1,8
2015-03-31,0.1135739982128143,0.0555099993944168,0.0280099995434284,0.0035369999241083,0.4906420111656189,0.2445880025625229,0.0596759989857673,0.0009740000241436,0.0034890000242739,1,9
2015-04-30,0.1130639985203743,0.0536059997975826,0.0289450008422136,0.003258999902755,0.5011860132217407,0.2478339970111847,0.0493770018219947,0.0006549999816343,0.0020739999599754,1,10
2015-05-29,0.1165219992399215,0.0543689988553524,0.0250840000808239,0.0025100000202655,0.5035120248794556,0.2446790039539337,0.0510150007903575,0.0005360000068321,0.0017719999887049,1,11
2015-06-30,0.1186100021004676,0.0596179999411106,0.0216370001435279,0.0018200000049546,0.499110996723175,0.2436349987983703,0.0533480010926723,0.0004529999860096,0.0017659999430179,1,12
2015-07-31,0.1256549954414367,0.0664379969239234,0.0262749996036291,0.002208000048995,0.4741419851779938,0.2453339993953704,0.0570840016007423,0.0006050000083632,0.0022589999716728,1,13
2015-08-31,0.1391109973192215,0.0670989975333213,0.0315509997308254,0.0014319999609142,0.4569349884986877,0.2465710043907165,0.0556010007858276,0.0004070000140927,0.001293999957852,1,14
2015-09-30,0.156818002462387,0.1082869991660118,0.0849659964442253,0.0049879997968673,0.3264769911766052,0.2499350011348724,0.064251996576786,0.0013350000372156,0.0029430000577121,1,15
2015-10-30,0.1529199928045272,0.1090380027890205,0.0764020010828971,0.0074359998106956,0.336650013923645,0.248877003788948,0.0645039975643158,0.0015559999737888,0.0026169999036937,1,16
2015-11-30,0.1714009940624237,0.1029599979519844,0.0332960002124309,0.0028429999947547,0.3532930016517639,0.2489099949598312,0.0856409966945648,0.0005360000068321,0.001120000029914,1,17
2015-12-31,0.1525570005178451,0.0968210026621818,0.0574759989976882,0.0031399999279528,0.3447229862213135,0.2357300072908401,0.1074670031666755,0.0006600000197067,0.0014260000316426,1,18
2016-01-29,0.1598879992961883,0.1001780033111572,0.0629400014877319,0.0032999999821186,0.3364120125770569,0.2295719981193542,0.1055769994854927,0.0006890000076964,0.0014430000446736,1,19
2016-02-29,0.1725710034370422,0.1034139990806579,0.0672390013933181,0.002375999931246,0.3213869929313659,0.2220499962568283,0.1096109971404075,0.0004189999890513,0.0009319999953731,1,20
2016-03-31,0.1883330047130584,0.0955440029501915,0.0662410035729408,0.0016339999856427,0.3197369873523712,0.2200350016355514,0.1076989993453025,0.0002419999946141,0.0005339999916031,1,21
2016-04-29,0.1831700056791305,0.0951900035142898,0.0942310020327568,0.0018439999548718,0.3151510059833526,0.2326180040836334,0.0769520029425621,0.0002640000020619,0.0005810000002384,1,22
2016-05-31,0.181440994143486,0.0941329970955848,0.0942080020904541,0.0021369999740272,0.3162980079650879,0.2324990034103393,0.0783659964799881,0.000304999994114,0.0006130000110715,1,23
2016-06-30,0.1820130050182342,0.0969260036945343,0.0835480019450187,0.0023000000510364,0.3092570006847381,0.2312819957733154,0.0937659963965416,0.0002910000039264,0.0006159999757073,1,24
2016-07-29,0.1888419985771179,0.1015620008111,0.0760390013456344,0.0036810000892728,0.3033550083637237,0.2301190048456192,0.0953110009431839,0.0003440000000409,0.0007459999760612,1,1
2016-08-31,0.185490995645523,0.0980259999632835,0.0747470036149025,0.0036730000283569,0.3081350028514862,0.2334650009870529,0.0954260006546974,0.0003300000098533,0.0007079999777488,1,2
2016-09-30,0.1888439953327179,0.0855109989643096,0.0771410018205642,0.0071729999035596,0.3092690110206604,0.2327599972486496,0.0979000031948089,0.0004379999882075,0.0009650000138208,1,3
2016-10-31,0.1877360045909881,0.087227001786232,0.0748530030250549,0.0090349996462464,0.3071750104427337,0.2326000034809112,0.1000429987907409,0.0004149999876972,0.0009159999899566,1,4
2016-11-30,0.1893700063228607,0.0902779996395111,0.0724319964647293,0.0084220003336668,0.3046630024909973,0.2311780005693435,0.1024240031838417,0.000387000007322,0.000845999980811,1,5
2016-12-30,0.2112870067358017,0.0944439992308616,0.0491290017962455,0.0069690002128481,0.3037480115890503,0.2317339926958084,0.1018849983811378,0.0002289999974891,0.0005740000051446,1,6
2017-01-31,0.2129939943552017,0.101001001894474,0.0498830005526542,0.0038699998985975,0.3012059926986694,0.2299609929323196,0.1003829985857009,0.0001990000018849,0.0005029999883845,1,7
2017-02-28,0.1878329962491989,0.0972739979624748,0.0542289987206459,0.004664999898523,0.3025430142879486,0.2516160011291504,0.1009360030293464,0.0002559999993536,0.0006479999865405,1,8
2017-03-31,0.1929139941930771,0.0998400002717971,0.0545880012214183,0.0071749999187886,0.2924340069293976,0.2527410089969635,0.0991600006818771,0.0003440000000409,0.0008030000026337,1,9
2017-04-28,0.2014289945363998,0.0791210010647773,0.0837680026888847,0.0090199997648596,0.2943899929523468,0.2519429922103882,0.0791559964418411,0.0003940000024158,0.0007789999945089,1,10
2017-05-31,0.1939039975404739,0.0764539986848831,0.0790219977498054,0.0156239997595548,0.2975980043411255,0.2514519989490509,0.084657996892929,0.0004299999854993,0.0008580000139772,1,11
2017-06-30,0.1922280043363571,0.0747559964656829,0.0789609998464584,0.0281949993222951,0.2970429956912994,0.2514599859714508,0.0759000033140182,0.0004649999900721,0.000990999978967,1,12
2017-07-31,0.1889819949865341,0.0739889964461326,0.0787400007247924,0.0383699983358383,0.2961820065975189,0.2522439956665039,0.0699059963226318,0.0004879999905824,0.001096999971196,1,13
2017-08-31,0.1873580068349838,0.0726450011134147,0.0529880002140998,0.0332049988210201,0.3202379941940307,0.2383980005979538,0.093858003616333,0.0003209999995306,0.000990999978967,1,14
2017-09-29,0.1490029990673065,0.046229001134634,0.0539229996502399,0.0373639985918998,0.3915930092334747,0.2278449982404709,0.0929279997944831,0.0002570000069681,0.0008570000063627,1,15
2017-10-31,0.149054005742073,0.0480009987950325,0.0483339987695217,0.0342839993536472,0.3965030014514923,0.2280540019273758,0.0946639999747276,0.0002240000030724,0.0008829999715089,1,16
2017-11-30,0.1478690057992935,0.0473010018467903,0.0477619990706443,0.0336249992251396,0.4003719985485077,0.2316119968891143,0.0903410017490387,0.0002039999963017,0.0009139999747276,1,17
2017-12-29,0.1477569937705993,0.0485039986670017,0.0509320013225078,0.0447270013391971,0.3994469940662384,0.2265049964189529,0.0802469998598098,0.0003020000003743,0.0015770000172778,1,18
2018-01-31,0.1485549956560135,0.0496339984238147,0.0581559985876083,0.0552490018308162,0.4133220016956329,0.1959760040044784,0.0761310011148452,0.0004970000009052,0.0024810000322759,1,19
2018-02-28,0.1405539959669113,0.047605000436306,0.0538260005414485,0.0614009983837604,0.4344910085201263,0.1829569935798645,0.0749740004539489,0.0005660000024363,0.0036249998956918,1,20
2018-03-30,0.1957180052995681,0.0492810010910034,0.0353409983217716,0.0393339991569519,0.450080007314682,0.174344003200531,0.0505779981613159,0.0003039999864995,0.0050200000405311,1,21
2018-04-30,0.1719190031290054,0.0613059997558593,0.0368410013616085,0.0360760018229484,0.4540959894657135,0.178847000002861,0.0536319985985755,0.0004959999932907,0.0067870002239942,1,22
2018-05-31,0.1630229949951172,0.0801789984107017,0.0362479984760284,0.0255190003663301,0.466046005487442,0.167940005660057,0.0512840002775192,0.00047599998652,0.0092839999124407,1,23
2018-06-29,0.1518040001392364,0.0794410035014152,0.0352200008928775,0.0229909997433424,0.4944719970226288,0.149850994348526,0.0560889989137649,0.0004509999998845,0.0096810003742575,1,24
2018-07-31,0.2075870037078857,0.0694160014390945,0.0415069982409477,0.003870999906212,0.5018590092658997,0.117135003209114,0.0556659996509552,0.0006619999767281,0.0022990000434219,1,1
2018-08-31,0.2123959958553314,0.0967940017580986,0.0463940016925334,0.0106370002031326,0.4044739902019501,0.1631709933280944,0.0625410005450248,0.0011360000353306,0.0024570000823587,1,2
2018-09-28,0.2130350023508072,0.0806439965963363,0.0271809995174407,0.0032879998907446,0.4102050065994262,0.1985760033130645,0.0657410025596618,0.0004030000127386,0.0009270000155083,1,3
2018-10-31,0.1840379983186721,0.0805089995265007,0.0232400000095367,0.0126299997791647,0.4250920116901397,0.188957005739212,0.0825399979948997,0.0006360000115819,0.0023570000194013,1,4
2018-11-30,0.175587996840477,0.0820960029959678,0.0220170002430677,0.0034390001092106,0.3869140148162842,0.1914509981870651,0.1342750042676925,0.0005890000029467,0.0036319999489933,1,5
2018-12-31,0.1684730052947998,0.063228003680706,0.0650089979171752,0.0379219986498355,0.36838299036026,0.2108410000801086,0.0741539970040321,0.0039189998060464,0.0080700004473328,1,6
2019-01-31,0.1805080026388168,0.0706690028309822,0.079755999147892,0.0593129992485046,0.3317840099334717,0.2076500058174133,0.0508270002901554,0.0066960002295672,0.0127969998866319,1,7
2019-02-28,0.1451610028743744,0.0849459990859031,0.0791359990835189,0.0564990006387233,0.3125669956207275,0.2198469936847686,0.0651020035147667,0.0153019996359944,0.0214409995824098,1,8
2019-03-29,0.1388870030641555,0.0854910016059875,0.0777890011668205,0.0560650005936622,0.3098979890346527,0.2183389961719513,0.069811001420021,0.0189849995076656,0.0247349999845027,1,9
2019-04-30,0.1699550002813339,0.090597003698349,0.0419550016522407,0.0436539985239505,0.2905350029468536,0.2031279951333999,0.0810090005397796,0.0249639991670846,0.0542039982974529,1,10
2019-05-31,0.1352600008249282,0.0769999995827674,0.054407000541687,0.0496510006487369,0.2656550109386444,0.2366510033607483,0.0878920033574104,0.0317829996347427,0.0617009997367858,1,11
2019-06-28,0.1393139958381652,0.0688140019774437,0.070430003106594,0.05952899903059,0.2604700028896332,0.2326370030641555,0.0933760032057762,0.032345000654459,0.0430859997868537,1,12
2019-07-31,0.1358020007610321,0.0706650018692016,0.0756959989666938,0.0580659992992877,0.2620350122451782,0.2277860045433044,0.100552998483181,0.0313370004296302,0.038061000406742,1,13
2019-08-30,0.1307999938726425,0.0730310007929802,0.0809909999370575,0.0618779994547367,0.2380470037460327,0.2355840057134628,0.0964220017194747,0.0392309986054897,0.0440159998834133,1,14
2019-09-30,0.1294469982385635,0.0717879980802536,0.0769990012049675,0.0593120008707046,0.2486100047826767,0.2344200015068054,0.1004230007529258,0.0368920005857944,0.0421079993247985,1,15
2019-10-31,0.126921996474266,0.0631750002503395,0.0801180005073547,0.0741750001907348,0.2308830022811889,0.2181089967489242,0.0902580022811889,0.0334100015461444,0.0829500034451484,1,16
2019-11-29,0.1246310025453567,0.0615869984030723,0.0825949981808662,0.0686179995536804,0.2364519983530044,0.227972000837326,0.0867929980158805,0.0321649983525276,0.0791879966855049,1,17
2019-12-31,0.1161179989576339,0.0681919977068901,0.0783459991216659,0.0634289979934692,0.2268110066652298,0.2660900056362152,0.083467997610569,0.0306429993361234,0.0669030025601387,1,18
2020-01-31,0.1127759963274002,0.0657190009951591,0.0758360028266906,0.0632319971919059,0.2288099974393844,0.2753649950027466,0.0828759968280792,0.0307289995253086,0.0646580010652542,1,19
2020-02-28,0.1129449978470802,0.0632119998335838,0.0775770023465156,0.0630059987306594,0.2082680016756057,0.3012450039386749,0.0746499970555305,0.0350590012967586,0.0640399977564811,1,20
2020-03-31,0.1286929994821548,0.0832550004124641,0.077114999294281,0.0656720027327537,0.2190639972686767,0.2695150077342987,0.0833050012588501,0.0334470011293888,0.0399329997599124,1,21
2020-04-30,0.1253589987754821,0.0384589992463588,0.0706999972462654,0.0520640015602111,0.3498049974441528,0.228859007358551,0.035895001143217,0.0143520003184676,0.0845070034265518,1,22
2020-05-29,0.1068639978766441,0.0497040003538131,0.0724349990487098,0.0702340006828308,0.3250510096549988,0.215159997344017,0.0556840002536773,0.0223389994353055,0.0825290009379386,1,23
2020-06-30,0.1092569977045059,0.0462719984352588,0.0760020017623901,0.0664149969816207,0.3322890102863312,0.2109829932451248,0.05103699862957,0.0203799996525049,0.0873659998178482,1,24
2020-07-31,0.1353670060634613,0.0510980002582073,0.0785410031676292,0.0710820034146308,0.3096399903297424,0.206495001912117,0.0402400009334087,0.0217369999736547,0.0857999995350837,1,1
2020-08-31,0.1347929984331131,0.0463839992880821,0.0754100009799003,0.0680959969758987,0.3302440047264099,0.2008229941129684,0.0366600006818771,0.0195150002837181,0.0880749970674514,1,2
2020-09-30,0.1567399948835373,0.0334139987826347,0.0468860007822513,0.0457720011472702,0.3420720100402832,0.202674999833107,0.0376089997589588,0.0120740002021193,0.122758001089096,1,3
2020-10-30,0.1506749987602234,0.0362420007586479,0.0487129986286163,0.0478969998657703,0.3417049944400787,0.1953050047159195,0.0403489992022514,0.0135260000824928,0.1255889981985092,1,4
2020-11-30,0.1064480021595954,0.0362709984183311,0.0502870008349418,0.0575629994273185,0.3579890131950378,0.1809989959001541,0.0402139984071254,0.0107340002432465,0.1594949960708618,1,5
2020-12-31,0.1018029972910881,0.0309149995446205,0.0456009991466999,0.0522949993610382,0.3790450096130371,0.1793780028820037,0.0346749983727932,0.0081679997965693,0.1681209951639175,1,6
2021-01-29,0.086338996887207,0.0367849990725517,0.0582140013575553,0.0752220004796981,0.3954370021820068,0.1567450016736984,0.0380150005221366,0.0098379999399185,0.1434050053358078,1,7
2021-02-26,0.0821980014443397,0.0381980016827583,0.0508809983730316,0.0810189992189407,0.4104610085487366,0.170877993106842,0.0373850017786026,0.011277999728918,0.1177019998431205,1,8
2021-03-31,0.0805639997124672,0.0446350015699863,0.0531979985535144,0.0686239972710609,0.4341909885406494,0.1649630069732666,0.0327840000391006,0.015375000424683,0.1056659966707229,1,9
2021-04-30,0.0952059999108314,0.0485970005393028,0.0417070016264915,0.059238001704216,0.4725399911403656,0.1797080039978027,0.0292150005698204,0.0173700004816055,0.0564190000295639,1,10
2021-05-31,0.083587996661663,0.0308570004999637,0.0177669990807771,0.0296279992908239,0.4970259964466095,0.1437799930572509,0.0235530007630586,0.0112500004470348,0.162551000714302,1,11
2021-06-30,0.0812399983406066,0.0350270010530948,0.0214579999446868,0.0331300012767314,0.5302640199661255,0.131632000207901,0.0273030009120702,0.014538999646902,0.1254069954156875,1,12
2021-07-30,0.0936330035328865,0.0388190001249313,0.0273340009152889,0.0180249996483325,0.4893350005149841,0.1538559943437576,0.1124840006232261,0.0333039984107017,0.0332099981606006,1,13
2021-08-31,0.0915160030126571,0.0389439985156059,0.0282690003514289,0.0186919998377561,0.5104759931564331,0.1482450067996978,0.0984660014510154,0.0327580012381076,0.032634001225233,1,14
2021-09-30,0.0721080005168914,0.0343180000782012,0.0357390008866786,0.0325709991157054,0.4890620112419128,0.1947869956493377,0.055257998406887,0.0309549998492002,0.0552019998431205,1,15
2021-10-29,0.0686630010604858,0.0315809994935989,0.0327630005776882,0.0291779991239309,0.517221987247467,0.1894759982824325,0.0518219992518425,0.0280859991908073,0.0512100011110305,1,16
2021-11-30,0.0755240023136138,0.0367420017719268,0.0359320007264614,0.0257239993661642,0.539592981338501,0.1565970033407211,0.0621239989995956,0.024787999689579,0.0429759994149208,1,17
