DATE,DGS3MO
1981-09-30,0.011751565954746246
1981-10-31,0.01048236999551988
1981-11-30,0.008567834467890334
1981-12-31,0.009142631264516643
1982-01-31,0.010296426021131344
1982-02-28,0.0102368443581764
1982-03-31,0.010971461456750209
1982-04-30,0.010348528288471437
1982-05-31,0.009466256935767747
1982-06-30,0.010504657999398814
1982-07-31,0.00840837165278474
1982-08-31,0.006991458915456494
1982-09-30,0.0063407942831432695
1982-10-31,0.006565951771572598
1982-11-30,0.006867878914271763
1982-12-31,0.006589212334230599
1983-01-31,0.006713168912547918
1983-02-28,0.006596964541377037
1983-03-31,0.00717651668705388
1983-04-30,0.006728651686272791
1983-05-31,0.007184219316099361
1983-06-30,0.007322755953917515
1983-07-31,0.0076605214249207965
1983-08-31,0.007698825173291901
1983-09-30,0.007238119583875768
1983-10-31,0.007076323496324699
1983-11-30,0.007391945757078355
1983-12-31,0.0074610833265813525
1984-01-31,0.007407314172528601
1984-02-29,0.007583865845290028
1984-03-31,0.008042840179875999
1984-04-30,0.008050470307310986
1984-05-31,0.008073356878617988
1984-06-30,0.008210556413069448
1984-07-31,0.008605760960930242
1984-08-31,0.008780021065370347
1984-09-30,0.008453960766291457
1984-10-31,0.007476440145746777
1984-11-30,0.007006894691838683
1984-12-31,0.006527171022763012
1985-01-31,0.006689939839661374
1985-02-28,0.0070608994227128186
1985-03-31,0.006798291773600473
1985-04-30,0.006527171022763012
1985-05-31,0.005951285535262141
1985-06-30,0.005693297989595392
1985-07-31,0.006060515290066126
1985-08-31,0.005951285535262141
1985-09-30,0.005865370537434078
1985-10-31,0.005982507351152577
1985-11-30,0.005959091988595899
1985-12-31,0.005873184328144543
1986-01-31,0.005802836162745351
1986-02-28,0.005841925158329042
1986-03-31,0.005285288923099429
1986-04-30,0.005088480474269685
1986-05-31,0.005253828040859609
1986-06-30,0.00497019161052159
1986-07-31,0.0048359454901756305
1986-08-31,0.004320824242364241
1986-09-30,0.004344663139834726
1986-10-31,0.004344663139834726
1986-11-30,0.004503430265808905
1986-12-31,0.004733153410191093
1987-01-31,0.004677755876932643
1987-02-28,0.0045510066248739545
1987-03-31,0.004701501791267937
1987-04-30,0.0046302455190647684
1987-05-31,0.004764794064753053
1987-06-30,0.00479642376289191
1987-07-31,0.005080599312655698
1987-08-31,0.0052223563241342585
1987-09-30,0.005520900976184739
1987-10-31,0.004432019218941319
1987-11-30,0.004408203120921161
1987-12-31,0.004756884928587057
1988-01-31,0.004725241533679592
1988-02-29,0.004709415724342136
1988-03-31,0.004764794064753053
1988-04-30,0.004993861638155073
1988-05-31,0.005395316801844352
1988-06-30,0.00547382712832345
1988-07-31,0.005795016357992067
1988-08-31,0.006076108896733601
1988-09-30,0.006037119893943066
1988-10-31,0.006138456751282995
1988-11-30,0.006511654119987886
1988-12-31,0.006720910626819787
1989-01-31,0.006968300369713631
1989-02-28,0.007230421487918415
1989-03-31,0.007384260582120161
1989-04-30,0.0069837400511463255
1989-05-31,0.0071456996893357605
1989-06-30,0.006635715729298219
1989-07-31,0.006465087616955412
1989-08-31,0.006558196936559346
1989-09-30,0.006573705949444619
1989-10-31,0.006465087616955412
1989-11-30,0.006309694547193212
1989-12-31,0.006278584235227314
1990-01-31,0.00643403011000343
1990-02-28,0.006465087616955412
1990-03-31,0.0064883738308543215
1990-04-30,0.0064883738308543215
1990-05-31,0.006441795475137013
1990-06-30,0.00643403011000343
1990-07-31,0.006231898920789458
1990-08-31,0.006146247245690573
1990-09-30,0.0059434784154897
1990-10-31,0.005920053056348573
1990-11-30,0.005841925158329042
1990-12-31,0.005363893778966178
1991-01-31,0.005159380356001053
1991-02-28,0.005041183304461905
1991-03-31,0.00480432947641507
1991-04-30,0.004614403239326048
1991-05-31,0.004638165628538804
1991-06-30,0.004638165628538804
1991-07-31,0.0046302455190647684
1991-08-31,0.004463764356697375
1991-09-30,0.004281078909445624
1991-10-31,0.004042242847743793
1991-11-30,0.003650794881391306
1991-12-31,0.0032415779026344627
1992-01-31,0.0032254927088173346
1992-02-29,0.0032978537514263273
1992-03-31,0.0033942459274463044
1992-04-30,0.00310476324014175
1992-05-31,0.00310476324014175
1992-06-30,0.002991938013361173
1992-07-31,0.002668808767629649
1992-08-31,0.002652622200430388
1992-09-30,0.0022632796417700884
1992-10-31,0.0024905982303202734
1992-11-30,0.0027739514514073527
1992-12-31,0.002587847171547919
1993-01-31,0.002433821722253038
1993-02-28,0.0024743799799444854
1993-03-31,0.0024257079041964946
1993-04-30,0.002441934817957403
1993-05-31,0.0025716462189622202
1993-06-30,0.0025473393892132545
1993-07-31,0.0025473393892132545
1993-08-31,0.0025311312339049152
1993-09-30,0.002450047191444371
1993-10-31,0.0025473393892132545
1993-11-30,0.002636432758290619
1993-12-31,0.0025230260752062694
1994-01-31,0.002506813595049895
1994-02-28,0.0028466715655732777
1994-03-31,0.0029193337207231718
1994-04-30,0.003249619435838458
1994-05-31,0.003522610585598107
1994-06-30,0.0034825160297176083
1994-07-31,0.003586725245666944
1994-08-31,0.0038187639418887365
1994-09-30,0.003914607630530309
1994-10-31,0.0042333616592649115
1994-11-30,0.004646085051248194
1994-12-31,0.004614403239326048
1995-01-31,0.004867550565343048
1995-02-28,0.0048201388511142085
1995-03-31,0.004772702516142591
1995-04-30,0.004764794064753053
1995-05-31,0.00471732897177124
1995-06-30,0.0045510066248739545
1995-07-31,0.0045510066248739545
1995-08-31,0.004432019218941319
1995-09-30,0.0043923222705009035
1995-10-31,0.004455829106839726
1995-11-30,0.004455829106839726
1995-12-31,0.004153777442692519
1996-01-31,0.004113959301397019
1996-02-29,0.004090060076936908
1996-03-31,0.004177659993362948
1996-04-30,0.004185619455328249
1996-05-31,0.00421745036527299
1996-06-30,0.00421745036527299
1996-07-31,0.0043287712331259165
1996-08-31,0.004304928185396628
1996-09-30,0.004185619455328249
1996-10-31,0.004209493678221321
1996-11-30,0.004177659993362948
1996-12-31,0.004241316266458295
1997-01-31,0.004193578223375516
1997-02-28,0.004249270180617826
1997-03-31,0.004352608056033658
1997-04-30,0.004296979118938893
1997-05-31,0.004042242847743793
1997-06-30,0.004273127766158069
1997-07-31,0.004273127766158069
1997-08-31,0.0042651759303415915
1997-09-30,0.004121924319265169
1997-10-31,0.004241316266458295
1997-11-30,0.004249270180617826
1997-12-31,0.004360552280962882
1998-01-31,0.004225406358911998
1998-02-28,0.0043287712331259165
1998-03-31,0.004201536297631092
1998-04-30,0.0040741237836483535
1998-05-31,0.004098027180359898
1998-06-30,0.004153777442692519
1998-07-31,0.004153777442692519
1998-08-31,0.004042242847743793
1998-09-30,0.003570700804265803
1998-10-31,0.003538643475265779
1998-11-30,0.0037308187111868563
1998-12-31,0.0036588004233741866
1999-01-31,0.0036588004233741866
1999-02-28,0.0038027802029136915
1999-03-31,0.0036668052630131065
1999-04-30,0.0037148195588312394
1999-05-31,0.0038027802029136915
1999-06-30,0.003898640670782605
1999-07-31,0.0038746849921291737
1999-08-31,0.004058184707589341
1999-09-30,0.0039784475501516425
1999-10-31,0.004169699837352825
1999-11-30,0.004312876559829704
1999-12-31,0.0043367175322408524
2000-01-31,0.004677755876932643
2000-02-29,0.004693587172424518
2000-03-31,0.004772702516142591
2000-04-30,0.004725241533679592
2000-05-31,0.004574785512881707
2000-06-30,0.004772702516142591
2000-07-31,0.005080599312655698
2000-08-31,0.005112119881269139
2000-09-30,0.005049067866526036
2000-10-31,0.005167254725905179
2000-11-30,0.0050332980619396395
2000-12-31,0.004780610282879572
2001-01-31,0.004066154593528548
2001-02-28,0.003954512812942346
2001-03-31,0.0035145930840192463
2001-04-30,0.003233535660337905
2001-05-31,0.0029758087216387175
2001-06-30,0.002991938013361173
2001-07-31,0.0029031915789923257
2001-08-31,0.002765867856804771
2001-09-30,0.001978331538843303
2001-10-31,0.0016924892515723933
2001-11-30,0.0014713676651572083
2001-12-31,0.0014385631912894326
2002-01-31,0.0014549669057570824
2002-02-28,0.0014795669370546438
2002-03-31,0.0014795669370546438
2002-04-30,0.0014631676547709471
2002-05-31,0.0014385631912894326
2002-06-30,0.0014057468926966799
2002-07-31,0.001413952076400271
2002-08-31,0.0013975409693907093
2002-09-30,0.001299012149938772
2002-10-31,0.0011921521074573782
2002-11-30,0.001011025725442094
2002-12-31,0.001011025725442094
2003-01-31,0.0009780548903548514
2003-02-28,0.0009945418011427787
2003-03-31,0.0009450721047856714
2003-04-30,0.0009368245400691588
2003-05-31,0.0009203271676554436
2003-06-30,0.0007469239231387981
2003-07-31,0.0007965014393356284
2003-08-31,0.0008130212763268752
2003-09-30,0.000788240395869666
2003-10-31,0.0007965014393356284
2003-11-30,0.0007717160582849658
2003-12-31,0.000788240395869666
2004-01-31,0.0007634527638813449
2004-02-29,0.0007965014393356284
2004-03-31,0.000788240395869666
2004-04-30,0.0008130212763268752
2004-05-31,0.0008955754994564025
2004-06-30,0.00110163397610763
2004-07-31,0.0012003765662376154
2004-08-31,0.0013154410275031392
2004-09-30,0.001413952076400271
2004-10-31,0.0015779006482814495
2004-11-30,0.0018396059010297172
2004-12-31,0.0018314389855391688
2005-01-31,0.002067982733513718
2005-02-28,0.002271407935158676
2005-03-31,0.0022957884655714356
2005-04-30,0.0023851279739270925
2005-05-31,0.0024581588428482792
2005-06-30,0.0025716462189622202
2005-07-31,0.002806278663769479
2005-08-31,0.0028870465787962374
2005-09-30,0.0029112630070997625
2005-10-31,0.0032576602600797866
2005-11-30,0.003233535660337905
2005-12-31,0.0033380295383023117
2006-01-31,0.003650794881391306
2006-02-28,0.0037708043235686883
2006-03-31,0.003778799343900019
2006-04-30,0.0038906561432301423
2006-05-31,0.003962491756110298
2006-06-30,0.004082092278075322
2006-07-31,0.004153777442692519
2006-08-31,0.004113959301397019
2006-09-30,0.003986424401280164
2006-10-31,0.004137852270334363
2006-11-30,0.004098027180359898
2006-12-31,0.004090060076936908
2007-01-31,0.004169699837352825
2007-02-28,0.004201536297631092
2007-03-31,0.004105993588470858
2007-04-30,0.004002376012389508
2007-05-31,0.0038587110455146068
2007-06-30,0.003930571797319926
2007-07-31,0.004042242847743793
2007-08-31,0.003281778480337616
2007-09-30,0.003128921923478689
2007-10-31,0.0032254927088173346
2007-11-30,0.002587847171547919
2007-12-31,0.002757783545331849
2008-01-31,0.00161884170512816
2008-02-29,0.0015287470679612447
2008-03-31,0.0011427897418165855
2008-04-30,0.001183926905437227
2008-05-31,0.0015615190697231274
2008-06-30,0.001569710227413701
2008-07-31,0.0013893343063426933
2008-08-31,0.001422156520640705
2008-09-30,0.0007634527638813449
2008-10-31,0.00038252750614442554
2008-11-30,8.332951413336787e-06
2008-12-31,9.162048384192545e-05
2009-01-31,0.00019978033674417084
2009-02-28,0.00021640890030050208
2009-03-31,0.00017483178814159395
2009-04-30,0.00011659187244639213
2009-05-31,0.00011659187244639213
2009-06-30,0.00015819561853080977
2009-07-31,0.00014987639212593606
2009-08-31,0.00012491414476678564
2009-09-30,0.00011659187244639213
2009-10-31,4.165712110459907e-05
2009-11-30,4.99862552685304e-05
2009-12-31,4.99862552685304e-05
2010-01-31,6.66422347088691e-05
2010-02-28,0.00010826883828274347
2010-03-31,0.0001332356553898073
2010-04-30,0.0001332356553898073
2010-05-31,0.0001332356553898073
2010-06-30,0.00014987639212593606
2010-07-31,0.00012491414476678564
2010-08-31,0.00011659187244639213
2010-09-30,0.0001332356553898073
2010-10-31,9.994504212973432e-05
2010-11-30,0.00014155640446089635
2010-12-31,9.994504212973432e-05
2011-01-31,0.00012491414476678564
2011-02-28,0.00012491414476678564
2011-03-31,7.496908027748717e-05
2011-04-30,3.3327223783574667e-05
2011-05-31,4.99862552685304e-05
2011-06-30,2.4996563158685703e-05
2011-07-31,8.329516327321151e-05
2011-08-31,1.6665139084048874e-05
2011-09-30,1.6665139084048874e-05
2011-10-31,8.332951413336787e-06
2011-11-30,8.332951413336787e-06
2011-12-31,1.6665139084048874e-05
2012-01-31,4.99862552685304e-05
2012-02-29,6.66422347088691e-05
2012-03-31,5.831462642125196e-05
2012-04-30,8.329516327321151e-05
2012-05-31,5.831462642125196e-05
2012-06-30,7.496908027748717e-05
2012-07-31,9.162048384192545e-05
2012-08-31,7.496908027748717e-05
2012-09-30,8.329516327321151e-05
2012-10-31,9.162048384192545e-05
2012-11-30,6.66422347088691e-05
2012-12-31,4.165712110459907e-05
2013-01-31,5.831462642125196e-05
2013-02-28,9.162048384192545e-05
2013-03-31,5.831462642125196e-05
2013-04-30,4.165712110459907e-05
2013-05-31,3.3327223783574667e-05
2013-06-30,3.3327223783574667e-05
2013-07-31,3.3327223783574667e-05
2013-08-31,2.4996563158685703e-05
2013-09-30,1.6665139084048874e-05
2013-10-31,3.3327223783574667e-05
2013-11-30,4.99862552685304e-05
2013-12-31,5.831462642125196e-05
2014-01-31,1.6665139084048874e-05
2014-02-28,4.165712110459907e-05
2014-03-31,4.165712110459907e-05
2014-04-30,2.4996563158685703e-05
2014-05-31,3.3327223783574667e-05
2014-06-30,3.3327223783574667e-05
2014-07-31,2.4996563158685703e-05
2014-08-31,2.4996563158685703e-05
2014-09-30,1.6665139084048874e-05
2014-10-31,8.332951413336787e-06
2014-11-30,1.6665139084048874e-05
2014-12-31,3.3327223783574667e-05
2015-01-31,1.6665139084048874e-05
2015-02-28,1.6665139084048874e-05
2015-03-31,2.4996563158685703e-05
2015-04-30,8.332951413336787e-06
2015-05-31,8.332951413336787e-06
2015-06-30,8.332951413336787e-06
2015-07-31,6.66422347088691e-05
2015-08-31,6.66422347088691e-05
2015-09-30,0.0
2015-10-31,6.66422347088691e-05
2015-11-30,0.0001831487316386049
2015-12-31,0.0001332356553898073
2016-01-31,0.0002745849373302356
2016-02-29,0.0002745849373302356
2016-03-31,0.00017483178814159395
2016-04-30,0.0001831487316386049
2016-05-31,0.00028289276228066207
2016-06-30,0.00021640890030050208
2016-07-31,0.00023303442347044623
2016-08-31,0.0002745849373302356
2016-09-30,0.00024134604527370485
2016-10-31,0.00028289276228066207
2016-11-30,0.0003991226892567923
2016-12-31,0.0004240097874610438
2017-01-31,0.00043230397371596396
2017-02-28,0.00044059740363810995
2017-03-31,0.0006311378751067132
2017-04-30,0.0006642346436225299
2017-05-31,0.0008130212763268752
2017-06-30,0.0008543077507923158
2017-07-31,0.0008873234469353175
2017-08-31,0.0008377954090970086
2017-09-30,0.0008790706459502751
2017-10-31,0.0009533189220309879
2017-11-30,0.0010522224777222977
2017-12-31,0.0011510186621450647
2018-01-31,0.0012086002819180486
2018-02-28,0.001364709877352599
2018-03-31,0.0014303602255574255
2018-04-30,0.001545134543319504
2018-05-31,0.0015942792801031391
2018-06-30,0.0015942792801031391
2018-07-31,0.0016761282769228725
2018-08-31,0.0017415545459757986
2018-09-30,0.0018069338440696026
2018-10-31,0.0019293936717392768
2018-11-30,0.0019538658918776264
2018-12-31,0.0020190930200914003
2019-01-31,0.0019864852944315725
2019-02-28,0.0020190930200914003
2019-03-31,0.001978331538843303
2019-04-30,0.0020027906163269105
2019-05-31,0.001937551809032545
2019-06-30,0.0017497295255153311
2019-07-31,0.001717025203279432
2019-08-31,0.0016433975062259965
2019-09-30,0.001553327175071395
2019-10-31,0.0012743632726075482
2019-11-30,0.0013154410275031392
2019-12-31,0.0012825803067024744
2020-01-31,0.0012825803067024744
2020-02-29,0.0010522224777222977
2020-03-31,9.162048384192545e-05
2020-04-30,7.496908027748717e-05
2020-05-31,0.00011659187244639213
2020-06-30,0.0001332356553898073
2020-07-31,7.496908027748717e-05
2020-08-31,9.162048384192545e-05
2020-09-30,8.329516327321151e-05
2020-10-31,7.496908027748717e-05
2020-11-30,6.66422347088691e-05
2020-12-31,7.496908027748717e-05
2021-01-31,4.99862552685304e-05
2021-02-28,3.3327223783574667e-05
2021-03-31,2.4996563158685703e-05
2021-04-30,8.332951413336787e-06
2021-05-31,8.332951413336787e-06
2021-06-30,4.165712110459907e-05
2021-07-31,4.99862552685304e-05
2021-08-31,3.3327223783574667e-05
2021-09-30,3.3327223783574667e-05
2021-10-31,4.165712110459907e-05
2021-11-30,4.165712110459907e-05
2021-12-31,4.99862552685304e-05
2022-01-31,0.0001831487316386049
2022-02-28,0.0002911998282955075
2022-03-31,0.00043230397371596396
2022-04-30,0.0007055886783371434
2022-05-31,0.0009615649919465508
2022-06-30,0.001422156520640705
2022-07-31,0.0019864852944315725
2022-08-31,0.002433821722253038
2022-09-30,0.0027335263083605454
2022-10-31,0.0034504276924163246
2022-11-30,0.003570700804265803
2022-12-31,0.0036107566318024364
2023-01-31,0.003834744881765939
2023-02-28,0.0039784475501516425
2023-03-31,0.003954512812942346
2023-04-30,0.004153777442692519
2023-05-31,0.004487565969698792
2023-06-30,0.004416142510483834
2023-07-31,0.004511361380472367
2023-08-31,0.004519291806374559
2023-09-30,0.004511361380472367
2023-10-31,0.004543078952765622
2023-11-30,0.004432019218941319
2023-12-31,0.0043923222705009035
2024-01-31,0.004408203120921161
2024-02-29,0.004432019218941319
2024-03-31,0.004439956538087042
2024-04-30,0.004439956538087042
2024-05-31,0.004439956538087042
2024-06-30,0.004455829106839726
2024-07-31,0.004400263040968744
2024-08-31,0.004241316266458295
2024-09-30,0.0038587110455146068
2024-10-31,0.003786793663815624
2024-11-30,0.0037388172355212745
2024-12-31,0.003570700804265803
2025-01-31,0.003522610585598107
2025-02-28,0.003530627382636986
2025-03-31,0.003530627382636986
2025-04-30,0.003522610585598107
2025-05-31,0.0035626875279843873
2025-06-30,0.003602746873047291
2025-07-31,0.003602746873047291
2025-08-31,0.0034825160297176083
